Bacteria14_00257	gi:1028100286:ref:WP_063856421.1:|tetracycline|tetW|unknown	31.5	149	92	4	40	468	4	148	1.3e-13	73.9
Bacteria14_00257	gi:1028100284:ref:WP_063856419.1:|tetracycline|tet32|unknown	31.5	149	92	4	40	468	4	148	2.3e-13	73.2
Bacteria14_00257	gi:933770025:ref:WP_054336482.1:|tetracycline|tetW|unknown	31.5	149	92	4	40	468	4	148	2.3e-13	73.2
Bacteria14_00257	gi:1028100285:ref:WP_063856420.1:|tetracycline|tet32|unknown	31.5	149	92	4	40	468	4	148	2.3e-13	73.2
Bacteria14_00257	AY485126.gene.p01|tetracycline|tetW|unknown	31.5	149	92	4	40	468	4	148	2.3e-13	73.2
Bacteria14_00257	CAA37477.1|tetracycline|otrA|unknown	34.4	131	80	3	40	423	4	131	3.9e-13	72.4
Bacteria14_00257	gi:490328320:ref:WP_004217777.1:|tetracycline|tetW|unknown	31.1	148	94	4	40	468	4	148	6.7e-13	71.6
Bacteria14_00257	ZP_04576183|tetracycline|tetW|unknown	31.1	148	94	4	40	468	4	148	8.7e-13	71.2
Bacteria14_00257	ACA23185.1|tetracycline|tetW|unknown	31.1	148	94	4	40	468	4	148	8.7e-13	71.2
Bacteria14_00257	ZP_02091679|tetracycline|tetW|unknown	31.1	148	94	4	40	468	4	148	8.7e-13	71.2
Bacteria14_00257	gi:1028100290:ref:WP_063856425.1:|tetracycline|tetW|unknown	31.1	148	94	4	40	468	4	148	8.7e-13	71.2
Bacteria14_00257	gi:1028100288:ref:WP_063856423.1:|tetracycline|tetW|unknown	31.1	148	94	4	40	468	4	148	8.7e-13	71.2
Bacteria14_00257	gi:1028100283:ref:WP_063856418.1:|tetracycline|tetW|unknown	31.1	148	94	4	40	468	4	148	8.7e-13	71.2
Bacteria14_00257	gi:1028100282:ref:WP_063856417.1:|tetracycline|tetW|unknown	31.1	148	94	4	40	468	4	148	8.7e-13	71.2
Bacteria14_00257	gi:1028100281:ref:WP_063856416.1:|tetracycline|tetW|unknown	31.1	148	94	4	40	468	4	148	8.7e-13	71.2
Bacteria14_00257	gi:1028100280:ref:WP_063856415.1:|tetracycline|tetW|unknown	31.1	148	94	4	40	468	4	148	8.7e-13	71.2
Bacteria14_00257	gi:1028100279:ref:WP_063856414.1:|tetracycline|tetW|unknown	31.1	148	94	4	40	468	4	148	8.7e-13	71.2
Bacteria14_00257	gi:914626309:ref:WP_050618045.1:|tetracycline|tetW|unknown	31.1	148	94	4	40	468	4	148	8.7e-13	71.2
Bacteria14_00257	gi:705394234:ref:WP_033493020.1:|tetracycline|tetW|unknown	31.1	148	94	4	40	468	4	148	8.7e-13	71.2
Bacteria14_00257	gi:503844534:ref:WP_014078528.1:|tetracycline|tetW|unknown	31.1	148	94	4	40	468	4	148	8.7e-13	71.2
Bacteria14_00257	gi:489768696:ref:WP_003672618.1:|tetracycline|tetW|unknown	31.1	148	94	4	40	468	4	148	8.7e-13	71.2
Bacteria14_00257	gi:488650015:ref:WP_002586627.1:|tetracycline|tetW|unknown	31.1	148	94	4	40	468	4	148	8.7e-13	71.2
Bacteria14_00257	gi:446614375:ref:WP_000691721.1:|tetracycline|tetW|unknown	31.1	148	94	4	40	468	4	148	8.7e-13	71.2
Bacteria14_00257	gi:496662825:ref:WP_009305318.1:|tetracycline|tetW|unknown	31.1	148	94	4	40	468	4	148	8.7e-13	71.2
Bacteria14_00257	gi:104303742:gb:ABF72138.1:|tetracycline|tetW|unknown	31.1	148	94	4	40	468	4	148	8.7e-13	71.2
Bacteria15_01040	gi:489865503:ref:WP_003769095.1:|fluoroquinolone|patB|unknown	22.2	365	263	10	91	1149	29	384	4.2e-20	95.5
Bacteria15_01040	gi:489824637:ref:WP_003728417.1:|fluoroquinolone|patB|unknown	22.0	363	266	9	91	1149	29	384	2.3e-18	89.7
Bacteria15_01040	gi:501976562:ref:WP_012681429.1:|fluoroquinolone|patB|unknown	22.0	363	266	9	91	1149	29	384	2.3e-18	89.7
Bacteria15_01040	HE999704.1.gene2674.p01|fluoroquinolone|patB|unknown	21.5	363	268	9	91	1149	29	384	2.5e-17	86.3
Bacteria15_01040	gi:489827925:ref:WP_003731686.1:|fluoroquinolone|patB|unknown	21.5	363	268	9	91	1149	29	384	3.3e-17	85.9
Bacteria15_01040	gi:489831097:ref:WP_003734834.1:|fluoroquinolone|patB|unknown	21.5	363	268	9	91	1149	29	384	3.3e-17	85.9
Bacteria15_01040	gi:685904080:ref:WP_031644138.1:|fluoroquinolone|patB|unknown	21.5	363	268	9	91	1149	29	384	3.3e-17	85.9
Bacteria15_01040	gi:499299025:ref:WP_010989975.1:|fluoroquinolone|patB|unknown	21.2	363	269	9	91	1149	29	384	5.7e-17	85.1
Bacteria15_01040	gi:497610921:ref:WP_009925105.1:|fluoroquinolone|patB|unknown	21.2	363	269	9	91	1149	29	384	5.7e-17	85.1
Bacteria15_01040	gi:489818582:ref:WP_003722396.1:|fluoroquinolone|patB|unknown	21.2	363	269	9	91	1149	29	384	5.7e-17	85.1
Bacteria15_01040	gi:1005569653:ref:WP_061663029.1:|fluoroquinolone|patB|unknown	21.2	363	269	9	91	1149	29	384	9.6e-17	84.3
Bacteria15_01040	gi:504744538:ref:WP_014931640.1:|fluoroquinolone|patB|unknown	21.2	363	269	9	91	1149	29	384	1.3e-16	84.0
Bacteria17_02830	AAA99504.1|bacitracin|bcrA|unknown	31.4	207	130	4	94	714	19	213	7.5e-23	104.4
Bacteria17_02830	ABB80128|bacitracin|bcrA|unknown	31.4	207	130	4	94	714	19	213	7.5e-23	104.4
Bacteria17_02830	gi:510143239:gb:AGN36970.1:|peptide|bcrA|unknown	31.4	207	130	4	94	714	26	220	7.5e-23	104.4
Bacteria17_02830	AAD21213|bacitracin|bcrA|unknown	31.4	207	130	4	94	714	19	213	2.2e-22	102.8
Bacteria17_02830	gi:445996732:ref:WP_000074587.1:|peptide|bcrA|unknown	29.8	208	132	4	94	714	22	216	2.9e-22	102.4
Bacteria17_02830	gi:507055561:ref:WP_016126482.1:|peptide|bcrA|unknown	29.5	207	134	4	94	714	22	216	3.7e-22	102.1
Bacteria17_02830	gi:500194536:ref:WP_011867743.1:|peptide|bcrA|unknown	29.8	208	132	4	94	714	19	213	6.4e-22	101.3
Bacteria17_02830	gi:507035724:ref:WP_016107411.1:|peptide|bcrA|unknown	29.8	208	132	4	94	714	22	216	8.3e-22	100.9
Bacteria17_02830	gi:445996696:ref:WP_000074551.1:|peptide|bcrA|unknown	29.8	208	132	4	94	714	22	216	8.3e-22	100.9
Bacteria17_02830	gi:445996723:ref:WP_000074578.1:|peptide|bcrA|unknown	29.3	208	133	4	94	714	22	216	8.3e-22	100.9
Bacteria17_02830	gi:445996698:ref:WP_000074553.1:|peptide|bcrA|unknown	29.8	208	132	4	94	714	22	216	8.3e-22	100.9
Bacteria17_02830	gi:445996722:ref:WP_000074577.1:|peptide|bcrA|unknown	28.8	208	134	4	94	714	22	216	1.1e-21	100.5
Bacteria17_02830	gi:445996726:ref:WP_000074581.1:|peptide|bcrA|unknown	29.3	208	133	4	94	714	22	216	1.4e-21	100.1
Bacteria17_02830	gi:445996695:ref:WP_000074550.1:|peptide|bcrA|unknown	29.8	208	132	4	94	714	22	216	1.4e-21	100.1
Bacteria17_02830	gi:884875933:emb:CKG93789.1:|peptide|bcrA|unknown	29.3	208	133	4	94	714	22	216	1.4e-21	100.1
Bacteria17_02830	gi:447057509:ref:WP_001134765.1:|peptide|bcrA|unknown	28.8	215	141	4	94	738	22	224	1.4e-21	100.1
Bacteria17_02830	gi:507054395:ref:WP_016125339.1:|peptide|bcrA|unknown	29.3	208	133	4	94	714	22	216	1.4e-21	100.1
Bacteria17_02830	gi:1043490477:ref:WP_065382463.1:|peptide|bcrA|unknown	29.3	208	133	4	94	714	22	216	1.4e-21	100.1
Bacteria17_02830	gi:445996724:ref:WP_000074579.1:|peptide|bcrA|unknown	28.8	208	134	4	94	714	22	216	1.9e-21	99.8
Bacteria17_02830	gi:445996697:ref:WP_000074552.1:|peptide|bcrA|unknown	29.8	208	132	4	94	714	22	216	1.9e-21	99.8
Bacteria17_02830	YP_001373621|bacitracin|BcrA|unknown	29.8	208	132	4	94	714	31	225	2.4e-21	99.4
Bacteria17_02830	gi:445996729:ref:WP_000074584.1:|peptide|bcrA|unknown	28.4	215	140	4	94	735	22	223	3.2e-21	99.0
Bacteria17_02830	gi:500448961:gb:EOP61695.1:|peptide|bcrA|unknown	29.0	214	140	4	94	735	19	220	3.2e-21	99.0
Bacteria17_02830	gi:488068784:ref:WP_002140181.1:|peptide|bcrA|unknown	29.5	207	134	4	94	714	22	216	3.2e-21	99.0
Bacteria17_02830	gi:488120365:ref:WP_002191762.1:|peptide|bcrA|unknown	29.5	207	134	4	94	714	22	216	3.2e-21	99.0
Bacteria24_00292	gi:740152780:ref:WP_037997109.1:|glycopeptide|vanHF|unknown	38.8	268	144	6	193	990	72	321	6.2e-44	174.5
Bacteria24_00292	gi:1028100574:ref:WP_063856709.1:|glycopeptide|vanHF|unknown	36.8	269	148	5	193	990	72	321	6.8e-43	171.0
Bacteria24_00292	gi:1028100573:ref:WP_063856708.1:|glycopeptide|vanHA|unknown	37.8	267	144	6	193	984	72	319	5.8e-42	167.9
Bacteria24_00292	gi:1028100570:ref:WP_063856705.1:|glycopeptide|vanHD|unknown	34.0	312	178	7	46	978	34	318	1.7e-41	166.4
Bacteria24_00292	gi:737310392:ref:WP_035293250.1:|glycopeptide|vanHF|unknown	36.4	269	149	5	193	990	73	322	1.7e-41	166.4
Bacteria24_00292	gi:1028100564:ref:WP_063856699.1:|glycopeptide|vanHO|unknown	37.2	266	151	5	193	990	96	345	3.7e-41	165.2
Bacteria24_00292	AAA65955.1|glycopeptide|vanHA|unknown	37.7	265	143	5	193	978	72	317	6.4e-41	164.5
Bacteria24_00292	gi:1028100562:ref:WP_063856697.1:|glycopeptide|vanHA|unknown	38.5	265	141	5	193	978	72	317	8.3e-41	164.1
Bacteria24_00292	ACL82960.1|glycopeptide|vanHM|unknown	37.1	267	146	5	193	984	76	323	1.1e-40	163.7
Bacteria24_00292	gi:1028100565:ref:WP_063856700.1:|glycopeptide|vanHO|unknown	37.1	264	150	5	193	984	96	343	1.1e-40	163.7
Bacteria24_00292	gi:746609237:ref:WP_039635344.1:|glycopeptide|vanHF|unknown	36.1	269	150	5	193	990	72	321	1.1e-40	163.7
Bacteria24_00292	gi:738848198:ref:WP_036737307.1:|glycopeptide|vanHF|unknown	36.8	269	148	5	193	990	73	322	1.9e-40	162.9
Bacteria24_00292	gi:488246060:ref:WP_002317268.1:|glycopeptide|vanHB|unknown	36.9	263	148	5	193	978	73	318	3.2e-40	162.2
Bacteria24_00292	gi:1028100575:ref:WP_063856710.1:|glycopeptide|vanHA|unknown	37.8	267	144	6	193	984	72	319	5.4e-40	161.4
Bacteria24_00292	gi:985522333:ref:WP_060811962.1:|glycopeptide|vanHB|unknown	36.5	263	149	5	193	978	73	318	5.4e-40	161.4
Bacteria24_00292	gi:498515089:ref:WP_010815296.1:|glycopeptide|vanHB|unknown	36.5	263	149	5	193	978	73	318	5.4e-40	161.4
Bacteria24_00292	AAF36802.1|glycopeptide|vanHF|unknown	36.1	269	150	5	193	990	72	321	7.0e-40	161.0
Bacteria24_00292	gi:1028100566:ref:WP_063856701.1:|glycopeptide|vanHB|unknown	36.5	263	149	5	193	978	73	318	9.2e-40	160.6
Bacteria24_00292	gi:488313489:ref:WP_002382874.1:|glycopeptide|vanHB|unknown	36.5	263	149	5	193	978	73	318	9.2e-40	160.6
Bacteria24_00292	gi:749574782:ref:WP_040203616.1:|glycopeptide|vanHA|unknown	36.6	265	146	6	193	978	73	318	1.6e-39	159.8
Bacteria24_00292	AAB05626.1|glycopeptide|vanHB|unknown	36.1	263	150	5	193	978	73	318	2.7e-39	159.1
Bacteria24_00292	gi:1028100563:ref:WP_063856698.1:|glycopeptide|vanHO|unknown	36.7	264	152	4	193	984	103	351	3.5e-39	158.7
Bacteria24_00292	Q47748|glycopeptide|vanHB|unknown	36.1	263	150	5	193	978	73	318	4.6e-39	158.3
Bacteria24_00292	gi:552942232:ref:WP_023043160.1:|glycopeptide|vanHD|unknown	33.1	308	178	6	58	978	38	318	7.8e-39	157.5
Bacteria24_00292	AAM09850.1|glycopeptide|vanHD|unknown	32.8	308	179	6	58	978	38	318	3.9e-38	155.2
Bacteria26_00027	AAO47226.2|aminocoumarin|Streptomyces	41.4	684	349	9	31	1941	19	697	2.0e-139	492.7
Bacteria26_00084	AAO47226.2|aminocoumarin|Streptomyces	40.5	619	316	9	1	1716	84	697	1.9e-117	419.5
Bacteria29_00473	HE999704.1.gene1528.p01|fluoroquinolone;acridinedye|arlR|unknown	46.4	224	115	2	4	663	3	225	5.0e-50	194.1
Bacteria29_00473	WP_000192137.1|fluoroquinolone;acridinedye|arlR|unknown	46.8	220	114	2	4	663	3	219	6.5e-50	193.7
Bacteria29_00473	gi:446114283:ref:WP_000192138.1:|fluoroquinolone;acridinedye|arlR|unknown	46.4	220	115	2	4	663	3	219	1.9e-49	192.2
Bacteria29_00473	AE015929.1.gene1106.p01|fluoroquinolone;acridinedye|arlR|unknown	47.5	219	112	2	7	663	4	219	1.2e-48	189.5
Bacteria29_00473	gi:950233763:ref:WP_057277726.1:|glycopeptide|vanRF|unknown	40.4	225	126	4	1	654	4	227	4.1e-36	147.9
Bacteria29_00473	AHA41505.1|glycopeptide|vanRO|unknown	37.7	220	134	1	1	660	4	220	5.3e-36	147.5
Bacteria29_00473	gi:943675889:ref:WP_055502070.1:|glycopeptide|vanRO|unknown	36.4	220	137	1	1	660	1	217	6.9e-36	147.1
Bacteria29_00473	AAR84672.1|glycopeptide|vanRF|unknown	40.8	223	124	4	7	654	6	227	9.1e-36	146.7
Bacteria29_00473	gi:953999146:ref:WP_058083598.1:|glycopeptide|vanRO|unknown	37.3	220	135	1	1	660	1	217	1.2e-35	146.4
Bacteria29_00473	gi:938897327:ref:WP_054681472.1:|glycopeptide|vanRO|unknown	37.7	220	134	1	1	660	1	217	2.0e-35	145.6
Bacteria29_00473	gi:983429529:ref:WP_060593182.1:|glycopeptide|vanRO|unknown	36.4	220	137	1	1	660	1	217	3.4e-35	144.8
Bacteria29_00473	gi:974603856:ref:WP_059193686.1:|glycopeptide|vanRO|unknown	35.9	220	138	1	1	660	1	217	3.4e-35	144.8
Bacteria29_00473	gi:943670402:ref:WP_055497228.1:|glycopeptide|vanRO|unknown	37.3	220	135	1	1	660	1	217	3.4e-35	144.8
Bacteria29_00473	gi:944023697:ref:WP_055613131.1:|glycopeptide|vanRO|unknown	36.4	220	137	1	1	660	1	217	5.9e-35	144.1
Bacteria29_00473	gi:943641831:ref:WP_055470667.1:|glycopeptide|vanRO|unknown	36.8	220	136	1	1	660	1	217	5.9e-35	144.1
Bacteria29_00473	gi:971852285:ref:WP_058921193.1:|glycopeptide|vanRO|unknown	36.4	220	137	1	1	660	1	217	7.7e-35	143.7
Bacteria29_00473	gi:976142370:ref:WP_059301720.1:|glycopeptide|vanRO|unknown	35.9	220	138	1	1	660	1	217	1.0e-34	143.3
Bacteria29_00473	gi:948051271:ref:WP_056710274.1:|glycopeptide|vanRO|unknown	37.3	220	135	1	1	660	1	217	1.3e-34	142.9
Bacteria29_00473	gi:944468330:ref:WP_055698749.1:|glycopeptide|vanRO|unknown	35.5	220	139	1	1	660	1	217	2.9e-34	141.7
Bacteria29_00473	gi:406772674:gb:AFS59920.1:|glycopeptide|vanRO|unknown	35.9	220	138	1	1	660	1	217	3.8e-34	141.4
Bacteria29_00473	gi:970977909:ref:WP_058846640.1:|glycopeptide|vanRO|unknown	35.5	220	139	1	1	660	1	217	3.8e-34	141.4
Bacteria29_00473	gi:947806628:ref:WP_056468082.1:|glycopeptide|vanRM|unknown	38.7	225	129	4	7	657	6	229	5.0e-34	141.0
Bacteria29_00473	gi:747653988:emb:CEL19270.1:|glycopeptide|vanRO|unknown	36.4	220	137	1	1	660	3	219	6.5e-34	140.6
Bacteria29_00473	gi:950257734:ref:WP_057294159.1:|glycopeptide|vanRO|unknown	35.9	220	138	1	1	660	1	217	1.1e-33	139.8
Bacteria29_00473	gi:948234034:ref:WP_056891683.1:|glycopeptide|vanRO|unknown	35.9	220	138	1	1	660	1	217	1.1e-33	139.8
Bacteria3_00021	gi:640529542:ref:WP_024963478.1:|tetracycline|tet(W/N/W)|unknown	37.1	151	87	4	34	477	4	149	6.2e-19	91.7
Bacteria3_00021	gi:499845527:ref:WP_011526261.1:|tetracycline|tet(W/N/W)|unknown	36.4	151	88	4	34	477	4	149	4.0e-18	89.0
Bacteria3_00021	gi:1028100286:ref:WP_063856421.1:|tetracycline|tetW|unknown	35.8	151	89	4	34	477	4	149	4.0e-18	89.0
Bacteria3_00021	gi:1028100284:ref:WP_063856419.1:|tetracycline|tet32|unknown	35.8	151	89	4	34	477	4	149	6.8e-18	88.2
Bacteria3_00021	gi:933770025:ref:WP_054336482.1:|tetracycline|tetW|unknown	35.8	151	89	4	34	477	4	149	6.8e-18	88.2
Bacteria3_00021	gi:1028100285:ref:WP_063856420.1:|tetracycline|tet32|unknown	35.8	151	89	4	34	477	4	149	6.8e-18	88.2
Bacteria3_00021	AY485126.gene.p01|tetracycline|tetW|unknown	35.8	151	89	4	34	477	4	149	6.8e-18	88.2
Bacteria3_00021	gi:1028100199:ref:WP_063856401.1:|tetracycline|tetM|unknown	34.4	151	91	4	34	477	4	149	8.9e-18	87.8
Bacteria3_00021	YP_002738300|tetracycline|tetM|unknown	33.8	151	92	4	34	477	4	149	1.2e-17	87.4
Bacteria3_00021	gi:1028100223:ref:WP_063856403.1:|tetracycline|tetM|unknown	34.4	151	91	4	34	477	4	149	1.2e-17	87.4
Bacteria3_00021	gi:504199711:ref:WP_014386813.1:|tetracycline|tetM|unknown	33.8	151	92	4	34	477	4	149	1.2e-17	87.4
Bacteria3_00021	gi:490770108:ref:WP_004632336.1:|tetracycline|tetM|unknown	33.8	151	92	4	34	477	4	149	1.2e-17	87.4
Bacteria3_00021	gi:1028099865:ref:WP_063856114.1:|tetracycline|tetM|unknown	33.8	151	92	4	34	477	4	149	1.2e-17	87.4
Bacteria3_00021	gi:488345309:ref:WP_002414694.1:|tetracycline|tetM|unknown	33.8	151	92	4	34	477	4	149	1.2e-17	87.4
Bacteria3_00021	gi:490328320:ref:WP_004217777.1:|tetracycline|tetW|unknown	35.1	151	90	4	34	477	4	149	1.5e-17	87.0
Bacteria3_00021	YP_001834888|tetracycline|tetM|unknown	34.4	151	91	4	34	477	9	154	2.0e-17	86.7
Bacteria3_00021	YP_001694718|tetracycline|tetM|unknown	34.4	151	91	4	34	477	4	149	2.0e-17	86.7
Bacteria3_00021	ZP_03079543|tetracycline|tetM|unknown	34.4	151	91	4	34	477	4	149	2.0e-17	86.7
Bacteria3_00021	ZP_04435342|tetracycline|tetM|unknown	34.4	151	91	4	34	477	9	154	2.0e-17	86.7
Bacteria3_00021	ABP89888|tetracycline|tetM|unknown	34.4	151	91	4	34	477	9	154	2.0e-17	86.7
Bacteria3_00021	ZP_04576183|tetracycline|tetW|unknown	35.1	151	90	4	34	477	4	149	2.0e-17	86.7
Bacteria3_00021	ZP_03915077|tetracycline|tetM|unknown	34.4	151	91	4	34	477	9	154	2.0e-17	86.7
Bacteria3_00021	ACA23185.1|tetracycline|tetW|unknown	35.1	151	90	4	34	477	4	149	2.0e-17	86.7
Bacteria3_00021	ZP_03984378|tetracycline|tetM|unknown	34.4	151	91	4	34	477	9	154	2.0e-17	86.7
Bacteria3_00021	ZP_02511926|tetracycline|tetM|unknown	34.4	151	91	4	34	477	9	154	2.0e-17	86.7
Bacteria31_00800	HE999704.1.gene1528.p01|fluoroquinolone;acridinedye|arlR|unknown	46.4	224	115	2	4	663	3	225	2.0e-51	198.7
Bacteria31_00800	WP_000192137.1|fluoroquinolone;acridinedye|arlR|unknown	45.9	220	116	2	4	663	3	219	5.0e-50	194.1
Bacteria31_00800	gi:446114283:ref:WP_000192138.1:|fluoroquinolone;acridinedye|arlR|unknown	45.5	220	117	2	4	663	3	219	1.4e-49	192.6
Bacteria31_00800	AE015929.1.gene1106.p01|fluoroquinolone;acridinedye|arlR|unknown	45.9	220	114	3	7	663	4	219	8.7e-47	183.3
Bacteria31_00800	gi:944023697:ref:WP_055613131.1:|glycopeptide|vanRO|unknown	41.0	222	128	1	1	666	1	219	5.1e-39	157.5
Bacteria31_00800	gi:943675889:ref:WP_055502070.1:|glycopeptide|vanRO|unknown	40.4	218	127	1	1	654	1	215	1.5e-38	156.0
Bacteria31_00800	gi:938897327:ref:WP_054681472.1:|glycopeptide|vanRO|unknown	40.8	218	126	1	1	654	1	215	2.0e-38	155.6
Bacteria31_00800	gi:983429529:ref:WP_060593182.1:|glycopeptide|vanRO|unknown	40.8	218	126	1	1	654	1	215	2.6e-38	155.2
Bacteria31_00800	AHA41505.1|glycopeptide|vanRO|unknown	39.9	218	128	1	1	654	4	218	4.4e-38	154.5
Bacteria31_00800	gi:971852285:ref:WP_058921193.1:|glycopeptide|vanRO|unknown	39.6	222	131	1	1	666	1	219	5.7e-38	154.1
Bacteria31_00800	gi:974603856:ref:WP_059193686.1:|glycopeptide|vanRO|unknown	40.4	218	127	1	1	654	1	215	5.7e-38	154.1
Bacteria31_00800	gi:944468330:ref:WP_055698749.1:|glycopeptide|vanRO|unknown	39.9	218	128	1	1	654	1	215	1.3e-37	152.9
Bacteria31_00800	gi:943641831:ref:WP_055470667.1:|glycopeptide|vanRO|unknown	40.8	218	126	1	1	654	1	215	1.3e-37	152.9
Bacteria31_00800	gi:943670402:ref:WP_055497228.1:|glycopeptide|vanRO|unknown	40.8	218	126	1	1	654	1	215	1.3e-37	152.9
Bacteria31_00800	gi:747653988:emb:CEL19270.1:|glycopeptide|vanRO|unknown	40.1	222	130	1	1	666	3	221	1.3e-37	152.9
Bacteria31_00800	CCP46065.1|multidrug|mtrA|unknown	40.9	220	124	4	4	654	7	223	1.7e-37	152.5
Bacteria31_00800	gi:953999146:ref:WP_058083598.1:|glycopeptide|vanRO|unknown	41.3	218	125	1	1	654	1	215	1.7e-37	152.5
Bacteria31_00800	gi:976142370:ref:WP_059301720.1:|glycopeptide|vanRO|unknown	40.4	218	127	1	1	654	1	215	1.7e-37	152.5
Bacteria31_00800	gi:970977909:ref:WP_058846640.1:|glycopeptide|vanRO|unknown	38.7	222	133	1	1	666	1	219	3.7e-37	151.4
Bacteria31_00800	gi:950257734:ref:WP_057294159.1:|glycopeptide|vanRO|unknown	40.4	218	127	1	1	654	1	215	6.3e-37	150.6
Bacteria31_00800	gi:948234034:ref:WP_056891683.1:|glycopeptide|vanRO|unknown	40.4	218	127	1	1	654	1	215	6.3e-37	150.6
Bacteria31_00800	gi:948051271:ref:WP_056710274.1:|glycopeptide|vanRO|unknown	40.4	218	127	1	1	654	1	215	8.2e-37	150.2
Bacteria31_00800	gi:406772674:gb:AFS59920.1:|glycopeptide|vanRO|unknown	39.4	218	129	1	1	654	1	215	1.4e-36	149.4
Bacteria31_00800	gi:948024668:ref:WP_056683930.1:|glycopeptide|vanRO|unknown	39.9	218	128	1	1	654	1	215	1.4e-36	149.4
Bacteria31_00800	gi:1045412091:ref:WP_065484665.1:|glycopeptide|vanRA|unknown	39.1	225	128	5	4	654	4	227	1.2e-35	146.4
Bacteria39_00528	gi:1028100286:ref:WP_063856421.1:|tetracycline|tetW|unknown	36.4	151	87	4	37	477	4	149	1.7e-16	83.6
Bacteria39_00528	gi:1028100284:ref:WP_063856419.1:|tetracycline|tet32|unknown	36.4	151	87	4	37	477	4	149	2.9e-16	82.8
Bacteria39_00528	gi:933770025:ref:WP_054336482.1:|tetracycline|tetW|unknown	36.4	151	87	4	37	477	4	149	2.9e-16	82.8
Bacteria39_00528	gi:1028100285:ref:WP_063856420.1:|tetracycline|tet32|unknown	36.4	151	87	4	37	477	4	149	2.9e-16	82.8
Bacteria39_00528	AY485126.gene.p01|tetracycline|tetW|unknown	36.4	151	87	4	37	477	4	149	2.9e-16	82.8
Bacteria39_00528	gi:640529542:ref:WP_024963478.1:|tetracycline|tet(W/N/W)|unknown	37.5	152	84	4	37	477	4	149	3.7e-16	82.4
Bacteria39_00528	AAT02170|tetracycline|tetS|unknown	35.9	131	77	3	37	417	9	136	8.3e-16	81.3
Bacteria39_00528	AAA25293.1|tetracycline|tetS|unknown	35.9	131	77	3	37	417	4	131	8.3e-16	81.3
Bacteria39_00528	gi:1391850598:ref:WP_109544237.1:|tetracycline|tetS|unknown	35.9	131	77	3	37	417	4	131	8.3e-16	81.3
Bacteria39_00528	ACA42497|tetracycline|tetS|unknown	35.9	131	77	3	37	417	9	136	8.3e-16	81.3
Bacteria39_00528	gi:1028100223:ref:WP_063856403.1:|tetracycline|tetM|unknown	34.0	156	84	6	37	477	4	149	1.1e-15	80.9
Bacteria39_00528	YP_002738300|tetracycline|tetM|unknown	33.3	153	89	5	37	477	4	149	1.4e-15	80.5
Bacteria39_00528	gi:1028100276:ref:WP_063856411.1:|tetracycline|tetS|unknown	35.9	131	77	3	37	417	4	131	1.4e-15	80.5
Bacteria39_00528	gi:1028100163:ref:WP_063856393.1:|tetracycline|tetM|unknown	33.3	153	89	5	37	477	4	149	1.4e-15	80.5
Bacteria39_00528	gi:504199711:ref:WP_014386813.1:|tetracycline|tetM|unknown	33.3	153	89	5	37	477	4	149	1.4e-15	80.5
Bacteria39_00528	gi:499845527:ref:WP_011526261.1:|tetracycline|tet(W/N/W)|unknown	36.8	152	85	4	37	477	4	149	1.4e-15	80.5
Bacteria39_00528	gi:490770108:ref:WP_004632336.1:|tetracycline|tetM|unknown	33.3	153	89	5	37	477	4	149	1.4e-15	80.5
Bacteria39_00528	gi:1028100199:ref:WP_063856401.1:|tetracycline|tetM|unknown	33.3	153	89	5	37	477	4	149	1.4e-15	80.5
Bacteria39_00528	gi:1028099865:ref:WP_063856114.1:|tetracycline|tetM|unknown	33.3	153	89	5	37	477	4	149	1.4e-15	80.5
Bacteria39_00528	gi:488345309:ref:WP_002414694.1:|tetracycline|tetM|unknown	33.3	153	89	5	37	477	4	149	1.4e-15	80.5
Bacteria39_00528	Q48712|tetracycline|tetS|unknown	35.9	131	77	3	37	417	9	136	1.4e-15	80.5
Bacteria39_00528	YP_001834888|tetracycline|tetM|unknown	34.0	156	84	6	37	477	9	154	1.9e-15	80.1
Bacteria39_00528	YP_001694718|tetracycline|tetM|unknown	34.0	156	84	6	37	477	4	149	1.9e-15	80.1
Bacteria39_00528	ZP_03079543|tetracycline|tetM|unknown	34.0	156	84	6	37	477	4	149	1.9e-15	80.1
Bacteria39_00528	ZP_04435342|tetracycline|tetM|unknown	34.0	156	84	6	37	477	9	154	1.9e-15	80.1
Bacteria43_00114	gi:1022664304:ref:WP_063420886.1:|macrolide|macB|unknown	49.6	224	111	1	4	669	3	226	3.4e-57	218.0
Bacteria43_00114	gi:518923394:ref:WP_020079269.1:|macrolide|macB|unknown	49.6	224	111	1	4	669	3	226	3.4e-57	218.0
Bacteria43_00114	gi:976146774:ref:WP_059305359.1:|macrolide|macB|unknown	49.6	224	111	1	4	669	3	226	3.4e-57	218.0
Bacteria43_00114	gi:823309640:ref:WP_047064288.1:|macrolide|macB|unknown	49.6	224	111	1	4	669	3	226	3.4e-57	218.0
Bacteria43_00114	gi:695797094:ref:WP_032711285.1:|macrolide|macB|unknown	49.6	224	111	1	4	669	3	226	3.4e-57	218.0
Bacteria43_00114	gi:823302270:ref:WP_047057473.1:|macrolide|macB|unknown	49.6	224	111	1	4	669	3	226	3.4e-57	218.0
Bacteria43_00114	gi:505807117:ref:WP_015704872.1:|macrolide|macB|unknown	49.6	224	111	1	4	669	3	226	3.4e-57	218.0
Bacteria43_00114	gi:823299155:ref:WP_047054544.1:|macrolide|macB|unknown	49.6	224	111	1	4	669	3	226	3.4e-57	218.0
Bacteria43_00114	gi:695793471:ref:WP_032707680.1:|macrolide|macB|unknown	49.6	224	111	1	4	669	3	226	4.5e-57	217.6
Bacteria43_00114	gi:505180394:ref:WP_015367496.1:|macrolide|macB|unknown	49.6	224	111	1	4	669	3	226	4.5e-57	217.6
Bacteria43_00114	gi:1022688710:ref:WP_063443532.1:|macrolide|macB|unknown	49.1	224	112	1	4	669	3	226	7.7e-57	216.9
Bacteria43_00114	gi:823326845:ref:WP_047080664.1:|macrolide|macB|unknown	49.1	224	112	1	4	669	3	226	1.0e-56	216.5
Bacteria43_00114	YP_002382193|macrolide-lincosamide-streptogramin|MacB|unknown	47.4	230	119	1	7	690	4	233	1.3e-56	216.1
Bacteria43_00114	gi:803575554:ref:WP_046081557.1:|macrolide|macB|unknown	47.4	230	119	1	7	690	4	233	1.3e-56	216.1
Bacteria43_00114	gi:803568669:ref:WP_046077412.1:|macrolide|macB|unknown	47.4	230	119	1	7	690	4	233	1.3e-56	216.1
Bacteria43_00114	gi:446110351:ref:WP_000188206.1:|macrolide|macB|unknown	47.4	230	119	1	7	690	4	233	1.3e-56	216.1
Bacteria43_00114	gi:446110352:ref:WP_000188207.1:|macrolide|macB|unknown	47.4	230	119	1	7	690	4	233	1.3e-56	216.1
Bacteria43_00114	gi:895898290:ref:WP_048999361.1:|macrolide|macB|unknown	47.3	237	123	1	4	708	3	239	2.2e-56	215.3
Bacteria43_00114	gi:998245120:ref:WP_061098715.1:|macrolide|macB|unknown	47.3	237	123	1	4	708	3	239	2.9e-56	214.9
Bacteria43_00114	gi:498115003:ref:WP_010429159.1:|macrolide|macB|unknown	46.8	237	124	1	4	708	3	239	3.8e-56	214.5
Bacteria43_00114	gi:895981299:ref:WP_049056431.1:|macrolide|macB|unknown	48.7	224	113	1	4	669	3	226	3.8e-56	214.5
Bacteria43_00114	gi:779903733:ref:WP_045374054.1:|macrolide|macB|unknown	48.7	224	113	1	4	669	3	226	3.8e-56	214.5
Bacteria43_00114	gi:895967513:ref:WP_049046752.1:|macrolide|macB|unknown	48.7	224	113	1	4	669	3	226	3.8e-56	214.5
Bacteria43_00114	gi:823281237:ref:WP_047037467.1:|macrolide|macB|unknown	48.7	224	113	1	4	669	3	226	3.8e-56	214.5
Bacteria43_00114	gi:823291602:ref:WP_047047573.1:|macrolide|macB|unknown	49.1	224	112	1	4	669	3	226	3.8e-56	214.5
Bacteria5_00557	gi:489865503:ref:WP_003769095.1:|fluoroquinolone|patB|unknown	20.2	366	277	10	91	1161	29	388	2.8e-16	82.8
Bacteria5_00557	gi:489824637:ref:WP_003728417.1:|fluoroquinolone|patB|unknown	19.5	365	281	7	91	1161	29	388	1.4e-15	80.5
Bacteria5_00557	gi:501976562:ref:WP_012681429.1:|fluoroquinolone|patB|unknown	19.5	365	281	7	91	1161	29	388	1.4e-15	80.5
Bacteria5_00557	HE999704.1.gene2674.p01|fluoroquinolone|patB|unknown	20.0	365	279	8	91	1161	29	388	1.8e-15	80.1
Bacteria5_00557	gi:499299025:ref:WP_010989975.1:|fluoroquinolone|patB|unknown	19.7	365	280	8	91	1161	29	388	4.1e-15	79.0
Bacteria5_00557	gi:497610921:ref:WP_009925105.1:|fluoroquinolone|patB|unknown	19.7	365	280	8	91	1161	29	388	4.1e-15	79.0
Bacteria5_00557	gi:489818582:ref:WP_003722396.1:|fluoroquinolone|patB|unknown	19.7	365	280	8	91	1161	29	388	4.1e-15	79.0
Bacteria5_00557	gi:1005569653:ref:WP_061663029.1:|fluoroquinolone|patB|unknown	19.7	365	280	8	91	1161	29	388	6.9e-15	78.2
Bacteria5_00557	gi:504744538:ref:WP_014931640.1:|fluoroquinolone|patB|unknown	19.7	365	280	8	91	1161	29	388	9.1e-15	77.8
Bacteria5_00557	gi:489827925:ref:WP_003731686.1:|fluoroquinolone|patB|unknown	18.9	365	283	7	91	1161	29	388	2.0e-14	76.6
Bacteria5_00557	gi:489831097:ref:WP_003734834.1:|fluoroquinolone|patB|unknown	18.9	365	283	7	91	1161	29	388	2.0e-14	76.6
Bacteria5_00557	gi:685904080:ref:WP_031644138.1:|fluoroquinolone|patB|unknown	18.9	365	283	7	91	1161	29	388	2.0e-14	76.6
Bacteria9_00359	gi:640529542:ref:WP_024963478.1:|tetracycline|tet(W/N/W)|unknown	36.6	134	78	3	37	426	4	134	3.2e-15	79.3
Bacteria9_00359	CAA37477.1|tetracycline|otrA|unknown	36.0	150	89	4	37	477	4	149	4.1e-15	79.0
Bacteria9_00359	gi:1028099868:ref:WP_063856115.1:|tetracycline|tetM|unknown	30.2	205	122	5	37	594	4	206	1.2e-14	77.4
Bacteria9_00359	gi:499845527:ref:WP_011526261.1:|tetracycline|tet(W/N/W)|unknown	36.1	133	78	3	37	423	4	133	1.6e-14	77.0
Bacteria9_00359	gi:490328320:ref:WP_004217777.1:|tetracycline|tetW|unknown	35.9	131	77	3	37	417	4	131	1.6e-14	77.0
Bacteria9_00359	ZP_04576183|tetracycline|tetW|unknown	35.9	131	77	3	37	417	4	131	2.1e-14	76.6
Bacteria9_00359	ACA23185.1|tetracycline|tetW|unknown	35.9	131	77	3	37	417	4	131	2.1e-14	76.6
Bacteria9_00359	ZP_02091679|tetracycline|tetW|unknown	35.9	131	77	3	37	417	4	131	2.1e-14	76.6
Bacteria9_00359	AMP42147.1|tetracycline|tet(W/N/W)|unknown	35.9	131	77	3	37	417	4	131	2.1e-14	76.6
Bacteria9_00359	gi:1028100290:ref:WP_063856425.1:|tetracycline|tetW|unknown	35.9	131	77	3	37	417	4	131	2.1e-14	76.6
Bacteria9_00359	gi:1028100288:ref:WP_063856423.1:|tetracycline|tetW|unknown	35.9	131	77	3	37	417	4	131	2.1e-14	76.6
Bacteria9_00359	gi:1028100283:ref:WP_063856418.1:|tetracycline|tetW|unknown	35.9	131	77	3	37	417	4	131	2.1e-14	76.6
Bacteria9_00359	gi:1028100282:ref:WP_063856417.1:|tetracycline|tetW|unknown	35.9	131	77	3	37	417	4	131	2.1e-14	76.6
Bacteria9_00359	gi:1028100281:ref:WP_063856416.1:|tetracycline|tetW|unknown	35.9	131	77	3	37	417	4	131	2.1e-14	76.6
Bacteria9_00359	gi:1028100280:ref:WP_063856415.1:|tetracycline|tetW|unknown	35.9	131	77	3	37	417	4	131	2.1e-14	76.6
Bacteria9_00359	gi:1028100279:ref:WP_063856414.1:|tetracycline|tetW|unknown	35.9	131	77	3	37	417	4	131	2.1e-14	76.6
Bacteria9_00359	gi:1028100223:ref:WP_063856403.1:|tetracycline|tetM|unknown	34.6	130	80	3	37	417	4	131	2.1e-14	76.6
Bacteria9_00359	gi:914626309:ref:WP_050618045.1:|tetracycline|tetW|unknown	35.9	131	77	3	37	417	4	131	2.1e-14	76.6
Bacteria9_00359	gi:705394234:ref:WP_033493020.1:|tetracycline|tetW|unknown	35.9	131	77	3	37	417	4	131	2.1e-14	76.6
Bacteria9_00359	gi:503844534:ref:WP_014078528.1:|tetracycline|tetW|unknown	35.9	131	77	3	37	417	4	131	2.1e-14	76.6
Bacteria9_00359	gi:488650015:ref:WP_002586627.1:|tetracycline|tetW|unknown	35.9	131	77	3	37	417	4	131	2.1e-14	76.6
Bacteria9_00359	gi:446614375:ref:WP_000691721.1:|tetracycline|tetW|unknown	35.9	131	77	3	37	417	4	131	2.1e-14	76.6
Bacteria9_00359	gi:1028100199:ref:WP_063856401.1:|tetracycline|tetM|unknown	34.9	129	81	2	37	417	4	131	2.1e-14	76.6
Bacteria9_00359	gi:496662825:ref:WP_009305318.1:|tetracycline|tetW|unknown	35.9	131	77	3	37	417	4	131	2.1e-14	76.6
Bacteria9_00359	gi:104303742:gb:ABF72138.1:|tetracycline|tetW|unknown	35.9	131	77	3	37	417	4	131	2.1e-14	76.6
Delta1_00942	gi:895981299:ref:WP_049056431.1:|macrolide|macB|unknown	37.5	224	132	5	4	657	3	224	7.4e-31	130.6
Delta1_00942	gi:779903733:ref:WP_045374054.1:|macrolide|macB|unknown	37.5	224	132	5	4	657	3	224	7.4e-31	130.6
Delta1_00942	gi:895967513:ref:WP_049046752.1:|macrolide|macB|unknown	37.5	224	132	5	4	657	3	224	7.4e-31	130.6
Delta1_00942	gi:823281237:ref:WP_047037467.1:|macrolide|macB|unknown	37.5	224	132	5	4	657	3	224	7.4e-31	130.6
Delta1_00942	gi:555268037:ref:WP_023249477.1:|macrolide|macB|unknown	39.0	231	129	6	4	672	3	229	7.4e-31	130.6
Delta1_00942	gi:695793471:ref:WP_032707680.1:|macrolide|macB|unknown	37.5	224	132	5	4	657	3	224	9.7e-31	130.2
Delta1_00942	gi:924626178:ref:WP_053530123.1:|macrolide|macB|unknown	38.5	231	130	6	4	672	3	229	9.7e-31	130.2
Delta1_00942	gi:695840638:ref:WP_032753940.1:|macrolide|macB|unknown	38.4	224	130	5	4	657	3	224	9.7e-31	130.2
Delta1_00942	YP_002239469|macrolide-lincosamide-streptogramin|MacB|unknown	38.4	224	130	5	4	657	3	224	1.3e-30	129.8
Delta1_00942	gi:554685678:ref:WP_023185565.1:|macrolide|macB|unknown	39.1	230	130	6	4	672	3	229	1.3e-30	129.8
Delta1_00942	gi:1022664304:ref:WP_063420886.1:|macrolide|macB|unknown	37.5	224	132	5	4	657	3	224	1.3e-30	129.8
Delta1_00942	gi:518923394:ref:WP_020079269.1:|macrolide|macB|unknown	37.5	224	132	5	4	657	3	224	1.3e-30	129.8
Delta1_00942	gi:985815823:ref:WP_060876116.1:|macrolide|macB|unknown	38.4	224	130	5	4	657	3	224	1.3e-30	129.8
Delta1_00942	gi:976146774:ref:WP_059305359.1:|macrolide|macB|unknown	37.5	224	132	5	4	657	3	224	1.3e-30	129.8
Delta1_00942	gi:823326845:ref:WP_047080664.1:|macrolide|macB|unknown	37.5	224	132	5	4	657	3	224	1.3e-30	129.8
Delta1_00942	gi:823309640:ref:WP_047064288.1:|macrolide|macB|unknown	37.5	224	132	5	4	657	3	224	1.3e-30	129.8
Delta1_00942	gi:556492128:ref:WP_023339842.1:|macrolide|macB|unknown	38.4	224	130	5	4	657	3	224	1.3e-30	129.8
Delta1_00942	gi:695797094:ref:WP_032711285.1:|macrolide|macB|unknown	37.5	224	132	5	4	657	3	224	1.3e-30	129.8
Delta1_00942	gi:823302270:ref:WP_047057473.1:|macrolide|macB|unknown	37.5	224	132	5	4	657	3	224	1.3e-30	129.8
Delta1_00942	gi:505807117:ref:WP_015704872.1:|macrolide|macB|unknown	37.5	224	132	5	4	657	3	224	1.3e-30	129.8
Delta1_00942	gi:823299155:ref:WP_047054544.1:|macrolide|macB|unknown	37.5	224	132	5	4	657	3	224	1.3e-30	129.8
Delta1_00942	YP_002214869|macrolide-lincosamide-streptogramin|MacB|unknown	40.0	230	128	6	4	672	3	229	1.6e-30	129.4
Delta1_00942	YP_002044935|macrolide-lincosamide-streptogramin|MacB|unknown	40.0	230	128	6	4	672	3	229	1.6e-30	129.4
Delta1_00942	gi:959101689:ref:WP_058107049.1:|macrolide|macB|unknown	40.0	230	128	6	4	672	3	229	1.6e-30	129.4
Delta1_00942	gi:835666879:ref:WP_047606339.1:|macrolide|macB|unknown	40.0	230	128	6	4	672	3	229	1.6e-30	129.4
Gamma1_03461	gi:696402390:ref:WP_032974230.1:|macrolide|macB|unknown	44.6	233	129	0	1	699	4	236	2.0e-54	208.8
Gamma1_03461	gi:696423952:ref:WP_032993748.1:|macrolide|macB|unknown	44.6	233	129	0	1	699	4	236	2.0e-54	208.8
Gamma1_03461	gi:696411918:ref:WP_032982657.1:|macrolide|macB|unknown	44.4	232	128	1	1	693	4	235	4.6e-54	207.6
Gamma1_03461	gi:742378414:ref:WP_038857601.1:|macrolide|macB|unknown	44.7	228	126	0	1	684	4	231	2.3e-53	205.3
Gamma1_03461	gi:896325272:ref:WP_049294291.1:|macrolide|macB|unknown	45.7	223	121	0	1	669	4	226	3.9e-53	204.5
Gamma1_03461	gi:565651791:ref:WP_023899061.1:|macrolide|macB|unknown	43.8	233	131	0	1	699	4	236	3.9e-53	204.5
Gamma1_03461	YP_001438541|macrolide-lincosamide-streptogramin|MacB|unknown	44.3	228	127	0	1	684	4	231	5.0e-53	204.1
Gamma1_03461	gi:938460528:ref:WP_054624864.1:|macrolide|macB|unknown	44.3	228	127	0	1	684	4	231	5.0e-53	204.1
Gamma1_03461	gi:1020141879:ref:WP_063264839.1:|macrolide|macB|unknown	44.3	228	127	0	1	684	4	231	5.0e-53	204.1
Gamma1_03461	gi:506220920:ref:WP_015740695.1:|macrolide|macB|unknown	44.0	232	129	1	1	693	4	235	5.0e-53	204.1
Gamma1_03461	gi:938461734:ref:WP_054625806.1:|macrolide|macB|unknown	44.3	228	127	0	1	684	4	231	5.0e-53	204.1
Gamma1_03461	gi:490522515:ref:WP_004387938.1:|macrolide|macB|unknown	44.3	228	127	0	1	684	4	231	5.0e-53	204.1
Gamma1_03461	gi:639216333:ref:WP_024554080.1:|macrolide|macB|unknown	45.3	223	122	0	1	669	4	226	8.6e-53	203.4
Gamma1_03461	gi:896106549:ref:WP_049136608.1:|macrolide|macB|unknown	43.9	223	125	0	1	669	4	226	1.1e-52	203.0
Gamma1_03461	gi:654544841:ref:WP_028012549.1:|macrolide|macB|unknown	43.5	223	126	0	1	669	4	226	1.5e-52	202.6
Gamma1_03461	gi:1022698495:ref:WP_063449190.1:|macrolide|macB|unknown	43.5	223	126	0	1	669	4	226	1.9e-52	202.2
Gamma1_03461	gi:779793259:ref:WP_045327301.1:|macrolide|macB|unknown	44.4	223	124	0	1	669	4	226	1.9e-52	202.2
Gamma1_03461	gi:1028112073:ref:WP_063866263.1:|macrolide|macB|unknown	43.5	223	126	0	1	669	4	226	1.9e-52	202.2
Gamma1_03461	gi:782756348:ref:WP_045630015.1:|macrolide|macB|unknown	43.9	223	125	0	1	669	4	226	1.9e-52	202.2
Gamma1_03461	gi:504542119:ref:WP_014729221.1:|macrolide|macB|unknown	43.9	228	128	0	1	684	4	231	1.9e-52	202.2
Gamma1_03461	gi:494938585:ref:WP_007664615.1:|macrolide|macB|unknown	43.4	228	129	0	1	684	4	231	1.9e-52	202.2
Gamma1_03461	F9Q5J6|macrolide|macB	44.6	222	123	0	1	666	3	224	2.5e-52	201.8
Gamma1_03461	gi:754493745:ref:WP_041910640.1:|macrolide|macB|unknown	43.5	223	126	0	1	669	4	226	2.5e-52	201.8
Gamma1_03461	gi:829942568:ref:WP_047368199.1:|macrolide|macB|unknown	43.5	223	126	0	1	669	4	226	2.5e-52	201.8
Gamma1_03461	gi:696420214:ref:WP_032990021.1:|macrolide|macB|unknown	43.9	228	128	0	1	684	4	231	3.3e-52	201.4
Gamma1_03561	gi:445996729:ref:WP_000074584.1:|peptide|bcrA|unknown	30.4	227	140	5	46	711	3	216	1.1e-22	104.0
Gamma1_03561	gi:488068784:ref:WP_002140181.1:|peptide|bcrA|unknown	31.3	227	138	5	46	711	3	216	1.4e-22	103.6
Gamma1_03561	gi:488120365:ref:WP_002191762.1:|peptide|bcrA|unknown	31.3	227	138	5	46	711	3	216	1.4e-22	103.6
Gamma1_03561	gi:445996723:ref:WP_000074578.1:|peptide|bcrA|unknown	30.0	227	141	5	46	711	3	216	1.4e-22	103.6
Gamma1_03561	gi:447057510:ref:WP_001134766.1:|peptide|bcrA|unknown	30.8	227	139	5	46	711	3	216	1.9e-22	103.2
Gamma1_03561	gi:445996722:ref:WP_000074577.1:|peptide|bcrA|unknown	29.5	227	142	5	46	711	3	216	1.9e-22	103.2
Gamma1_03561	gi:507023808:ref:WP_016095885.1:|peptide|bcrA|unknown	30.8	227	139	5	46	711	3	216	1.9e-22	103.2
Gamma1_03561	gi:445996726:ref:WP_000074581.1:|peptide|bcrA|unknown	30.0	227	141	5	46	711	3	216	2.5e-22	102.8
Gamma1_03561	gi:507054395:ref:WP_016125339.1:|peptide|bcrA|unknown	30.0	227	141	5	46	711	3	216	2.5e-22	102.8
Gamma1_03561	gi:488042066:ref:WP_002113463.1:|peptide|bcrA|unknown	30.8	227	139	5	46	711	3	216	2.5e-22	102.8
Gamma1_03561	gi:1043490477:ref:WP_065382463.1:|peptide|bcrA|unknown	30.0	227	141	5	46	711	3	216	2.5e-22	102.8
Gamma1_03561	gi:507055561:ref:WP_016126482.1:|peptide|bcrA|unknown	31.1	228	137	6	46	711	3	216	3.2e-22	102.4
Gamma1_03561	gi:445996724:ref:WP_000074579.1:|peptide|bcrA|unknown	29.5	227	142	5	46	711	3	216	3.2e-22	102.4
Gamma1_03561	gi:488130770:ref:WP_002201978.1:|peptide|bcrA|unknown	30.8	227	139	5	46	711	3	216	3.2e-22	102.4
Gamma1_03561	gi:488067981:ref:WP_002139378.1:|peptide|bcrA|unknown	30.8	227	139	5	46	711	3	216	3.2e-22	102.4
Gamma1_03561	gi:447057509:ref:WP_001134765.1:|peptide|bcrA|unknown	30.4	227	140	5	46	711	3	216	3.2e-22	102.4
Gamma1_03561	gi:487936534:ref:WP_002010000.1:|peptide|bcrA|unknown	30.8	227	139	5	46	711	3	216	3.2e-22	102.4
Gamma1_03561	gi:507050365:ref:WP_016121371.1:|peptide|bcrA|unknown	30.2	222	141	4	49	711	8	216	4.2e-22	102.1
Gamma1_03561	gi:884875933:emb:CKG93789.1:|peptide|bcrA|unknown	29.1	227	143	5	46	711	3	216	4.2e-22	102.1
Gamma1_03561	gi:895808656:emb:COR83787.1:|peptide|bcrA|unknown	30.5	226	141	5	46	711	3	216	4.2e-22	102.1
Gamma1_03561	gi:445996695:ref:WP_000074550.1:|peptide|bcrA|unknown	29.1	227	143	5	46	711	3	216	5.5e-22	101.7
Gamma1_03561	gi:445996708:ref:WP_000074563.1:|peptide|bcrA|unknown	32.5	209	125	5	91	711	22	216	7.2e-22	101.3
Gamma1_03561	gi:488053456:ref:WP_002124853.1:|peptide|bcrA|unknown	30.4	227	140	5	46	711	3	216	9.4e-22	100.9
Gamma1_03561	gi:445996719:ref:WP_000074574.1:|peptide|bcrA|unknown	29.5	227	142	5	46	711	3	216	1.2e-21	100.5
Gamma1_03561	gi:445996714:ref:WP_000074569.1:|peptide|bcrA|unknown	30.1	226	142	5	46	711	3	216	1.6e-21	100.1
Gamma1_03766	AAV85982.1|macrolide-lincosamide-streptogramin|macB|unknown	37.6	226	133	5	1	660	3	226	9.3e-34	140.2
Gamma1_03766	F9Q5J6|macrolide|macB	36.7	226	135	5	1	660	3	226	1.6e-33	139.4
Gamma1_03766	gi:446048013:ref:WP_000125868.1:|macrolide|macB|unknown	37.7	228	134	4	1	666	4	229	6.0e-33	137.5
Gamma1_03766	YP_001176128|macrolide-lincosamide-streptogramin|MacB|unknown	37.2	223	132	5	1	651	4	224	5.1e-32	134.4
Gamma1_03766	gi:740610794:ref:WP_038396317.1:|macrolide|macB|unknown	37.3	228	135	4	1	666	4	229	5.1e-32	134.4
Gamma1_03766	gi:985815823:ref:WP_060876116.1:|macrolide|macB|unknown	38.1	223	130	5	1	651	4	224	6.6e-32	134.0
Gamma1_03766	gi:974588181:ref:WP_059178476.1:|macrolide|macB|unknown	36.8	223	133	5	1	651	4	224	6.6e-32	134.0
Gamma1_03766	gi:922960663:ref:WP_053388845.1:|macrolide|macB|unknown	38.1	223	130	5	1	651	4	224	6.6e-32	134.0
Gamma1_03766	gi:754927849:ref:WP_042284850.1:|macrolide|macB|unknown	38.6	223	129	5	1	651	4	224	6.6e-32	134.0
Gamma1_03766	gi:554685678:ref:WP_023185565.1:|macrolide|macB|unknown	37.3	228	135	4	1	666	4	229	8.7e-32	133.7
Gamma1_03766	gi:757799695:ref:WP_043016897.1:|macrolide|macB|unknown	38.1	223	130	5	1	651	4	224	8.7e-32	133.7
Gamma1_03766	gi:507086196:ref:WP_016156937.1:|macrolide|macB|unknown	38.1	223	130	5	1	651	4	224	8.7e-32	133.7
Gamma1_03766	gi:695840638:ref:WP_032753940.1:|macrolide|macB|unknown	38.1	223	130	5	1	651	4	224	8.7e-32	133.7
Gamma1_03766	gi:491270241:ref:WP_005128370.1:|macrolide|macB|unknown	38.1	223	130	5	1	651	4	224	8.7e-32	133.7
Gamma1_03766	gi:992380339:ref:WP_061067665.1:|macrolide|macB|unknown	38.1	223	130	5	1	651	4	224	8.7e-32	133.7
Gamma1_03766	gi:851902043:ref:WP_048212057.1:|macrolide|macB|unknown	38.1	223	130	5	1	651	4	224	8.7e-32	133.7
Gamma1_03766	gi:507082903:ref:WP_016153652.1:|macrolide|macB|unknown	38.1	223	130	5	1	651	4	224	8.7e-32	133.7
Gamma1_03766	gi:1045891604:ref:WP_065554100.1:|macrolide|macB|unknown	38.1	223	130	5	1	651	4	224	8.7e-32	133.7
Gamma1_03766	YP_002239469|macrolide-lincosamide-streptogramin|MacB|unknown	38.1	223	130	5	1	651	4	224	1.1e-31	133.3
Gamma1_03766	gi:763407609:ref:WP_044264203.1:|macrolide|macB|unknown	38.6	223	129	5	1	651	4	224	1.1e-31	133.3
Gamma1_03766	gi:757782629:ref:WP_043001213.1:|macrolide|macB|unknown	38.6	223	129	5	1	651	4	224	1.1e-31	133.3
Gamma1_03766	gi:493734654:ref:WP_006683876.1:|macrolide|macB|unknown	38.1	223	130	5	1	651	4	224	1.1e-31	133.3
Gamma1_03766	gi:992390012:ref:WP_061077002.1:|macrolide|macB|unknown	38.6	223	129	5	1	651	4	224	1.1e-31	133.3
Gamma1_03766	gi:556492128:ref:WP_023339842.1:|macrolide|macB|unknown	38.1	223	130	5	1	651	4	224	1.1e-31	133.3
Gamma1_03766	gi:835233765:ref:WP_047410073.1:|macrolide|macB|unknown	38.1	223	130	5	1	651	4	224	1.1e-31	133.3
Methylomirabilis1_00041	gi:640529542:ref:WP_024963478.1:|tetracycline|tet(W/N/W)|unknown	37.1	132	81	2	37	429	4	134	1.3e-16	84.0
Methylomirabilis1_00041	gi:490328320:ref:WP_004217777.1:|tetracycline|tetW|unknown	37.2	129	79	2	37	420	4	131	2.9e-16	82.8
Methylomirabilis1_00041	ZP_04576183|tetracycline|tetW|unknown	37.2	129	79	2	37	420	4	131	3.8e-16	82.4
Methylomirabilis1_00041	ACA23185.1|tetracycline|tetW|unknown	37.2	129	79	2	37	420	4	131	3.8e-16	82.4
Methylomirabilis1_00041	ZP_02091679|tetracycline|tetW|unknown	37.2	129	79	2	37	420	4	131	3.8e-16	82.4
Methylomirabilis1_00041	AMP42147.1|tetracycline|tet(W/N/W)|unknown	37.2	129	79	2	37	420	4	131	3.8e-16	82.4
Methylomirabilis1_00041	gi:1028100290:ref:WP_063856425.1:|tetracycline|tetW|unknown	37.2	129	79	2	37	420	4	131	3.8e-16	82.4
Methylomirabilis1_00041	gi:1028100288:ref:WP_063856423.1:|tetracycline|tetW|unknown	37.2	129	79	2	37	420	4	131	3.8e-16	82.4
Methylomirabilis1_00041	gi:1028100287:ref:WP_063856422.1:|tetracycline|tetW|unknown	37.2	129	79	2	37	420	4	131	3.8e-16	82.4
Methylomirabilis1_00041	gi:1028100283:ref:WP_063856418.1:|tetracycline|tetW|unknown	37.2	129	79	2	37	420	4	131	3.8e-16	82.4
Methylomirabilis1_00041	gi:1028100282:ref:WP_063856417.1:|tetracycline|tetW|unknown	37.2	129	79	2	37	420	4	131	3.8e-16	82.4
Methylomirabilis1_00041	gi:1028100281:ref:WP_063856416.1:|tetracycline|tetW|unknown	37.2	129	79	2	37	420	4	131	3.8e-16	82.4
Methylomirabilis1_00041	gi:1028100280:ref:WP_063856415.1:|tetracycline|tetW|unknown	37.2	129	79	2	37	420	4	131	3.8e-16	82.4
Methylomirabilis1_00041	gi:1028100279:ref:WP_063856414.1:|tetracycline|tetW|unknown	37.2	129	79	2	37	420	4	131	3.8e-16	82.4
Methylomirabilis1_00041	gi:914626309:ref:WP_050618045.1:|tetracycline|tetW|unknown	37.2	129	79	2	37	420	4	131	3.8e-16	82.4
Methylomirabilis1_00041	gi:705394234:ref:WP_033493020.1:|tetracycline|tetW|unknown	37.2	129	79	2	37	420	4	131	3.8e-16	82.4
Methylomirabilis1_00041	gi:503844534:ref:WP_014078528.1:|tetracycline|tetW|unknown	37.2	129	79	2	37	420	4	131	3.8e-16	82.4
Methylomirabilis1_00041	gi:489768696:ref:WP_003672618.1:|tetracycline|tetW|unknown	37.2	129	79	2	37	420	4	131	3.8e-16	82.4
Methylomirabilis1_00041	gi:488650015:ref:WP_002586627.1:|tetracycline|tetW|unknown	37.2	129	79	2	37	420	4	131	3.8e-16	82.4
Methylomirabilis1_00041	gi:446614375:ref:WP_000691721.1:|tetracycline|tetW|unknown	37.2	129	79	2	37	420	4	131	3.8e-16	82.4
Methylomirabilis1_00041	gi:496662825:ref:WP_009305318.1:|tetracycline|tetW|unknown	37.2	129	79	2	37	420	4	131	3.8e-16	82.4
Methylomirabilis1_00041	gi:104303742:gb:ABF72138.1:|tetracycline|tetW|unknown	37.2	129	79	2	37	420	4	131	3.8e-16	82.4
Methylomirabilis1_00041	gi:1004359922:gb:AMP42228.1:|tetracycline|tetW|unknown	37.2	129	79	2	37	420	4	131	3.8e-16	82.4
Methylomirabilis1_00041	gi:168258996:gb:ACA23181.1:|tetracycline|tetW|unknown	37.2	129	79	2	37	420	4	131	3.8e-16	82.4
Methylomirabilis1_00041	gi:254967129:gb:ACT97610.1:|tetracycline|tetW|unknown	37.2	129	79	2	37	420	4	131	3.8e-16	82.4
Omnitrophica8_00946	gi:640529542:ref:WP_024963478.1:|tetracycline|tet(W/N/W)|unknown	35.0	137	78	3	37	432	4	134	4.2e-15	79.0
Omnitrophica8_00946	gi:499845527:ref:WP_011526261.1:|tetracycline|tet(W/N/W)|unknown	35.3	136	77	3	37	429	4	133	5.4e-15	78.6
Omnitrophica8_00946	gi:489768696:ref:WP_003672618.1:|tetracycline|tetW|unknown	34.8	138	71	4	37	423	4	131	2.1e-14	76.6
Omnitrophica8_00946	gi:1028100276:ref:WP_063856411.1:|tetracycline|tetS|unknown	33.6	134	78	4	37	423	4	131	4.6e-14	75.5
Omnitrophica8_00946	Q48712|tetracycline|tetS|unknown	33.6	134	78	4	37	423	9	136	4.6e-14	75.5
Omnitrophica8_00946	gi:1028100286:ref:WP_063856421.1:|tetracycline|tetW|unknown	32.8	134	79	3	37	423	4	131	6.0e-14	75.1
Omnitrophica8_00946	AAT02170|tetracycline|tetS|unknown	32.1	134	80	3	37	423	9	136	7.8e-14	74.7
Omnitrophica8_00946	AAA25293.1|tetracycline|tetS|unknown	32.1	134	80	3	37	423	4	131	7.8e-14	74.7
Omnitrophica8_00946	ZP_04576183|tetracycline|tetW|unknown	33.6	134	78	3	37	423	4	131	7.8e-14	74.7
Omnitrophica8_00946	ACA23185.1|tetracycline|tetW|unknown	33.6	134	78	3	37	423	4	131	7.8e-14	74.7
Omnitrophica8_00946	ZP_02091679|tetracycline|tetW|unknown	33.6	134	78	3	37	423	4	131	7.8e-14	74.7
Omnitrophica8_00946	AMP42147.1|tetracycline|tet(W/N/W)|unknown	33.6	134	78	3	37	423	4	131	7.8e-14	74.7
Omnitrophica8_00946	gi:1028100290:ref:WP_063856425.1:|tetracycline|tetW|unknown	33.6	134	78	3	37	423	4	131	7.8e-14	74.7
Omnitrophica8_00946	gi:1028100288:ref:WP_063856423.1:|tetracycline|tetW|unknown	33.6	134	78	3	37	423	4	131	7.8e-14	74.7
Omnitrophica8_00946	gi:1028100283:ref:WP_063856418.1:|tetracycline|tetW|unknown	33.6	134	78	3	37	423	4	131	7.8e-14	74.7
Omnitrophica8_00946	gi:1028100282:ref:WP_063856417.1:|tetracycline|tetW|unknown	33.6	134	78	3	37	423	4	131	7.8e-14	74.7
Omnitrophica8_00946	gi:1028100281:ref:WP_063856416.1:|tetracycline|tetW|unknown	33.6	134	78	3	37	423	4	131	7.8e-14	74.7
Omnitrophica8_00946	gi:1028100280:ref:WP_063856415.1:|tetracycline|tetW|unknown	33.6	134	78	3	37	423	4	131	7.8e-14	74.7
Omnitrophica8_00946	gi:1028100279:ref:WP_063856414.1:|tetracycline|tetW|unknown	33.6	134	78	3	37	423	4	131	7.8e-14	74.7
Omnitrophica8_00946	gi:914626309:ref:WP_050618045.1:|tetracycline|tetW|unknown	33.6	134	78	3	37	423	4	131	7.8e-14	74.7
Omnitrophica8_00946	gi:705394234:ref:WP_033493020.1:|tetracycline|tetW|unknown	33.6	134	78	3	37	423	4	131	7.8e-14	74.7
Omnitrophica8_00946	gi:503844534:ref:WP_014078528.1:|tetracycline|tetW|unknown	33.6	134	78	3	37	423	4	131	7.8e-14	74.7
Omnitrophica8_00946	gi:490328320:ref:WP_004217777.1:|tetracycline|tetW|unknown	33.6	134	78	3	37	423	4	131	7.8e-14	74.7
Omnitrophica8_00946	gi:488650015:ref:WP_002586627.1:|tetracycline|tetW|unknown	33.6	134	78	3	37	423	4	131	7.8e-14	74.7
Omnitrophica8_00946	gi:446614375:ref:WP_000691721.1:|tetracycline|tetW|unknown	33.6	134	78	3	37	423	4	131	7.8e-14	74.7
Parcubacteria5_00231	WP_011461306.1|glycopeptide|vanKI|unknown	26.6	177	125	4	454	978	187	360	2.7e-10	62.8
Parcubacteria5_00237	gi:499845527:ref:WP_011526261.1:|tetracycline|tet(W/N/W)|unknown	33.2	184	113	5	34	576	4	180	4.4e-17	85.5
Parcubacteria5_00237	gi:640529542:ref:WP_024963478.1:|tetracycline|tet(W/N/W)|unknown	37.3	150	86	4	34	474	4	148	5.8e-17	85.1
Parcubacteria5_00237	gi:1028100276:ref:WP_063856411.1:|tetracycline|tetS|unknown	37.2	129	79	2	34	417	4	131	1.7e-16	83.6
Parcubacteria5_00237	gi:1028100286:ref:WP_063856421.1:|tetracycline|tetW|unknown	35.3	150	89	4	34	474	4	148	1.7e-16	83.6
Parcubacteria5_00237	Q48712|tetracycline|tetS|unknown	37.2	129	79	2	34	417	9	136	1.7e-16	83.6
Parcubacteria5_00237	AAT02170|tetracycline|tetS|unknown	37.2	129	79	2	34	417	9	136	2.2e-16	83.2
Parcubacteria5_00237	AAA25293.1|tetracycline|tetS|unknown	37.2	129	79	2	34	417	4	131	2.2e-16	83.2
Parcubacteria5_00237	gi:1391850598:ref:WP_109544237.1:|tetracycline|tetS|unknown	37.2	129	79	2	34	417	4	131	2.2e-16	83.2
Parcubacteria5_00237	ACA42497|tetracycline|tetS|unknown	37.2	129	79	2	34	417	9	136	2.2e-16	83.2
Parcubacteria5_00237	gi:1028100284:ref:WP_063856419.1:|tetracycline|tet32|unknown	35.3	150	89	4	34	474	4	148	2.9e-16	82.8
Parcubacteria5_00237	gi:933770025:ref:WP_054336482.1:|tetracycline|tetW|unknown	35.3	150	89	4	34	474	4	148	2.9e-16	82.8
Parcubacteria5_00237	gi:1028100285:ref:WP_063856420.1:|tetracycline|tet32|unknown	35.3	150	89	4	34	474	4	148	2.9e-16	82.8
Parcubacteria5_00237	gi:1028100199:ref:WP_063856401.1:|tetracycline|tetM|unknown	36.4	129	80	2	34	417	4	131	2.9e-16	82.8
Parcubacteria5_00237	AY485126.gene.p01|tetracycline|tetW|unknown	35.3	150	89	4	34	474	4	148	2.9e-16	82.8
Parcubacteria5_00237	gi:1028100223:ref:WP_063856403.1:|tetracycline|tetM|unknown	36.6	131	77	3	34	417	4	131	3.7e-16	82.4
Parcubacteria5_00237	YP_001834888|tetracycline|tetM|unknown	36.6	131	77	3	34	417	9	136	6.4e-16	81.6
Parcubacteria5_00237	YP_001694718|tetracycline|tetM|unknown	36.6	131	77	3	34	417	4	131	6.4e-16	81.6
Parcubacteria5_00237	ZP_03079543|tetracycline|tetM|unknown	36.6	131	77	3	34	417	4	131	6.4e-16	81.6
Parcubacteria5_00237	ZP_04435342|tetracycline|tetM|unknown	36.6	131	77	3	34	417	9	136	6.4e-16	81.6
Parcubacteria5_00237	ABP89888|tetracycline|tetM|unknown	36.6	131	77	3	34	417	9	136	6.4e-16	81.6
Parcubacteria5_00237	ZP_03915077|tetracycline|tetM|unknown	36.6	131	77	3	34	417	9	136	6.4e-16	81.6
Parcubacteria5_00237	ZP_03984378|tetracycline|tetM|unknown	36.6	131	77	3	34	417	9	136	6.4e-16	81.6
Parcubacteria5_00237	ZP_02511926|tetracycline|tetM|unknown	36.6	131	77	3	34	417	9	136	6.4e-16	81.6
Parcubacteria5_00237	gi:1028100184:ref:WP_063856397.1:|tetracycline|tetM|unknown	36.6	131	77	3	34	417	4	131	6.4e-16	81.6
Parcubacteria5_00237	gi:1028099868:ref:WP_063856115.1:|tetracycline|tetM|unknown	36.6	131	77	3	34	417	4	131	6.4e-16	81.6
Parcubacteria6_00036	F9Q5J6|macrolide|macB	48.7	226	114	2	1	678	3	226	1.4e-55	212.6
Parcubacteria6_00036	gi:896325272:ref:WP_049294291.1:|macrolide|macB|unknown	49.8	223	110	2	1	669	4	224	3.1e-55	211.5
Parcubacteria6_00036	gi:639216333:ref:WP_024554080.1:|macrolide|macB|unknown	49.8	223	110	2	1	669	4	224	3.1e-55	211.5
Parcubacteria6_00036	YP_002382193|macrolide-lincosamide-streptogramin|MacB|unknown	49.3	223	111	2	1	669	4	224	4.0e-55	211.1
Parcubacteria6_00036	gi:803575554:ref:WP_046081557.1:|macrolide|macB|unknown	49.3	223	111	2	1	669	4	224	4.0e-55	211.1
Parcubacteria6_00036	gi:803568669:ref:WP_046077412.1:|macrolide|macB|unknown	49.3	223	111	2	1	669	4	224	4.0e-55	211.1
Parcubacteria6_00036	gi:446110351:ref:WP_000188206.1:|macrolide|macB|unknown	49.3	223	111	2	1	669	4	224	4.0e-55	211.1
Parcubacteria6_00036	gi:446110352:ref:WP_000188207.1:|macrolide|macB|unknown	49.3	223	111	2	1	669	4	224	4.0e-55	211.1
Parcubacteria6_00036	gi:498115003:ref:WP_010429159.1:|macrolide|macB|unknown	48.9	223	112	2	1	669	4	224	5.2e-55	210.7
Parcubacteria6_00036	gi:1016275448:gb:AMX06027.1:|macrolide|macB|unknown	48.9	223	112	2	1	669	4	224	1.5e-54	209.1
Parcubacteria6_00036	gi:639218559:ref:WP_024556062.1:|macrolide|macB|unknown	49.3	223	111	2	1	669	4	224	1.5e-54	209.1
Parcubacteria6_00036	gi:639225329:ref:WP_024561799.1:|macrolide|macB|unknown	49.3	223	111	2	1	669	4	224	1.5e-54	209.1
Parcubacteria6_00036	gi:742378414:ref:WP_038857601.1:|macrolide|macB|unknown	48.9	223	112	2	1	669	4	224	2.0e-54	208.8
Parcubacteria6_00036	gi:491270241:ref:WP_005128370.1:|macrolide|macB|unknown	48.7	224	111	3	1	669	4	224	2.0e-54	208.8
Parcubacteria6_00036	gi:992380339:ref:WP_061067665.1:|macrolide|macB|unknown	48.7	224	111	3	1	669	4	224	2.0e-54	208.8
Parcubacteria6_00036	gi:851902043:ref:WP_048212057.1:|macrolide|macB|unknown	48.7	224	111	3	1	669	4	224	2.0e-54	208.8
Parcubacteria6_00036	gi:895898290:ref:WP_048999361.1:|macrolide|macB|unknown	48.4	223	113	2	1	669	4	224	2.0e-54	208.8
Parcubacteria6_00036	gi:851928815:ref:WP_048221086.1:|macrolide|macB|unknown	48.7	224	111	3	1	669	4	224	2.6e-54	208.4
Parcubacteria6_00036	gi:922960663:ref:WP_053388845.1:|macrolide|macB|unknown	48.7	224	111	3	1	669	4	224	2.6e-54	208.4
Parcubacteria6_00036	gi:504542119:ref:WP_014729221.1:|macrolide|macB|unknown	48.9	223	112	2	1	669	4	224	2.6e-54	208.4
Parcubacteria6_00036	gi:780033092:ref:WP_045444768.1:|macrolide|macB|unknown	48.7	224	111	3	1	669	4	224	2.6e-54	208.4
Parcubacteria6_00036	YP_001176128|macrolide-lincosamide-streptogramin|MacB|unknown	48.9	223	112	2	1	669	4	224	3.4e-54	208.0
Parcubacteria6_00036	gi:554685678:ref:WP_023185565.1:|macrolide|macB|unknown	48.4	223	113	2	1	669	4	224	3.4e-54	208.0
Parcubacteria6_00036	gi:696402390:ref:WP_032974230.1:|macrolide|macB|unknown	48.4	223	113	2	1	669	4	224	3.4e-54	208.0
Parcubacteria6_00036	gi:757799695:ref:WP_043016897.1:|macrolide|macB|unknown	48.7	224	111	3	1	669	4	224	3.4e-54	208.0
Parcubacteria6_00041	APB03214.1|tetracycline|tetA(48)|Efflux	45.2	228	124	1	16	699	18	244	3.7e-52	201.4
Parcubacteria6_00041	(MLS)ole(C):L06249:1528-2505:978|macrolide|oleC|unknown	36.0	228	145	1	16	699	1	227	2.2e-44	175.6
Parcubacteria6_00041	AAA26793|multidrug|olec|antibiotic	36.3	226	143	1	22	699	3	227	3.7e-44	174.9
Parcubacteria6_00041	YP_001373621|bacitracin|BcrA|unknown	41.4	222	127	1	13	678	16	234	7.0e-43	170.6
Parcubacteria6_00041	gi:895736250:emb:COF64653.1:|peptide|bcrA|unknown	41.0	222	128	1	13	678	7	225	4.5e-42	167.9
Parcubacteria6_00041	gi:446110087:ref:WP_000187942.1:|peptide|bcrA|unknown	41.0	222	128	1	13	678	7	225	4.5e-42	167.9
Parcubacteria6_00041	gi:445996732:ref:WP_000074587.1:|peptide|bcrA|unknown	41.0	222	125	2	13	669	7	225	5.9e-42	167.5
Parcubacteria6_00041	gi:507035724:ref:WP_016107411.1:|peptide|bcrA|unknown	41.0	222	125	2	13	669	7	225	7.7e-42	167.2
Parcubacteria6_00041	gi:445996714:ref:WP_000074569.1:|peptide|bcrA|unknown	40.5	222	129	1	13	678	7	225	1.0e-41	166.8
Parcubacteria6_00041	gi:445996696:ref:WP_000074551.1:|peptide|bcrA|unknown	41.0	222	125	2	13	669	7	225	1.0e-41	166.8
Parcubacteria6_00041	gi:445996697:ref:WP_000074552.1:|peptide|bcrA|unknown	41.0	222	125	2	13	669	7	225	1.0e-41	166.8
Parcubacteria6_00041	gi:488042066:ref:WP_002113463.1:|peptide|bcrA|unknown	41.0	222	125	2	13	669	7	225	1.3e-41	166.4
Parcubacteria6_00041	gi:500448961:gb:EOP61695.1:|peptide|bcrA|unknown	41.4	222	124	2	13	669	4	222	1.7e-41	166.0
Parcubacteria6_00041	gi:445996698:ref:WP_000074553.1:|peptide|bcrA|unknown	40.5	222	126	2	13	669	7	225	1.7e-41	166.0
Parcubacteria6_00041	gi:500465078:gb:EOP76697.1:|peptide|bcrA|unknown	41.4	222	124	2	13	669	4	222	2.3e-41	165.6
Parcubacteria6_00041	gi:445996710:ref:WP_000074565.1:|peptide|bcrA|unknown	40.5	222	129	1	13	678	7	225	2.3e-41	165.6
Parcubacteria6_00041	gi:542061059:gb:ERI11611.1:|peptide|bcrA|unknown	40.2	224	131	1	10	681	13	233	2.3e-41	165.6
Parcubacteria6_00041	gi:488120365:ref:WP_002191762.1:|peptide|bcrA|unknown	40.5	222	126	2	13	669	7	225	2.9e-41	165.2
Parcubacteria6_00041	ZP_04081918|bacitracin|BcrA|unknown	40.8	223	129	1	13	681	4	223	3.8e-41	164.9
Parcubacteria6_00041	gi:445996708:ref:WP_000074563.1:|peptide|bcrA|unknown	41.0	222	125	2	13	669	7	225	3.8e-41	164.9
Parcubacteria6_00041	gi:445996723:ref:WP_000074578.1:|peptide|bcrA|unknown	41.9	222	123	2	13	669	7	225	3.8e-41	164.9
Parcubacteria6_00041	gi:507050365:ref:WP_016121371.1:|peptide|bcrA|unknown	40.5	222	126	2	13	669	7	225	5.0e-41	164.5
Parcubacteria6_00041	gi:445996729:ref:WP_000074584.1:|peptide|bcrA|unknown	40.1	222	130	1	13	678	7	225	5.0e-41	164.5
Parcubacteria6_00041	gi:445996722:ref:WP_000074577.1:|peptide|bcrA|unknown	41.9	222	123	2	13	669	7	225	5.0e-41	164.5
Parcubacteria6_00041	gi:445996719:ref:WP_000074574.1:|peptide|bcrA|unknown	41.9	222	123	2	13	669	7	225	5.0e-41	164.5
Parcubacteria6_00331	YP_002382193|macrolide-lincosamide-streptogramin|MacB|unknown	42.8	236	132	1	7	714	4	236	8.8e-53	203.4
Parcubacteria6_00331	gi:803575554:ref:WP_046081557.1:|macrolide|macB|unknown	42.8	236	132	1	7	714	4	236	8.8e-53	203.4
Parcubacteria6_00331	gi:803568669:ref:WP_046077412.1:|macrolide|macB|unknown	42.8	236	132	1	7	714	4	236	8.8e-53	203.4
Parcubacteria6_00331	gi:446110351:ref:WP_000188206.1:|macrolide|macB|unknown	42.8	236	132	1	7	714	4	236	8.8e-53	203.4
Parcubacteria6_00331	gi:446110352:ref:WP_000188207.1:|macrolide|macB|unknown	42.8	236	132	1	7	714	4	236	8.8e-53	203.4
Parcubacteria6_00331	gi:554922094:ref:WP_023194682.1:|macrolide|macB|unknown	45.0	222	119	1	4	669	3	221	1.2e-52	203.0
Parcubacteria6_00331	gi:555271393:ref:WP_023251561.1:|macrolide|macB|unknown	45.0	222	119	1	4	669	3	221	1.2e-52	203.0
Parcubacteria6_00331	YP_001571041|macrolide-lincosamide-streptogramin|MacB|unknown	44.1	222	121	1	4	669	3	221	3.4e-52	201.4
Parcubacteria6_00331	gi:959866458:ref:WP_058145168.1:|macrolide|macB|unknown	44.6	222	120	1	4	669	3	221	3.4e-52	201.4
Parcubacteria6_00331	gi:960873409:ref:WP_058345546.1:|macrolide|macB|unknown	44.1	222	121	1	4	669	3	221	3.4e-52	201.4
Parcubacteria6_00331	gi:498115003:ref:WP_010429159.1:|macrolide|macB|unknown	44.0	225	123	1	4	678	3	224	3.4e-52	201.4
Parcubacteria6_00331	YP_001176128|macrolide-lincosamide-streptogramin|MacB|unknown	43.6	225	124	1	4	678	3	224	4.4e-52	201.1
Parcubacteria6_00331	YP_002113999|macrolide-lincosamide-streptogramin|MacB|unknown	44.6	222	120	1	4	669	3	221	4.4e-52	201.1
Parcubacteria6_00331	ZP_04657259|macrolide-lincosamide-streptogramin|MacB|unknown	44.6	222	120	1	4	669	3	221	4.4e-52	201.1
Parcubacteria6_00331	Q57R58|macrolide-lincosamide-streptogramin|MacB|unknown	45.0	222	119	1	4	669	3	221	4.4e-52	201.1
Parcubacteria6_00331	YP_002044935|macrolide-lincosamide-streptogramin|MacB|unknown	44.6	222	120	1	4	669	3	221	4.4e-52	201.1
Parcubacteria6_00331	ZP_02831928|macrolide-lincosamide-streptogramin|MacB|unknown	44.6	222	120	1	4	669	3	221	4.4e-52	201.1
Parcubacteria6_00331	YP_002040143|macrolide-lincosamide-streptogramin|MacB|unknown	44.6	222	120	1	4	669	3	221	4.4e-52	201.1
Parcubacteria6_00331	gi:685236936:ref:WP_031605176.1:|macrolide|macB|unknown	44.6	222	120	1	4	669	3	221	4.4e-52	201.1
Parcubacteria6_00331	gi:959101689:ref:WP_058107049.1:|macrolide|macB|unknown	44.6	222	120	1	4	669	3	221	4.4e-52	201.1
Parcubacteria6_00331	gi:835666879:ref:WP_047606339.1:|macrolide|macB|unknown	44.6	222	120	1	4	669	3	221	4.4e-52	201.1
Parcubacteria6_00331	gi:555288792:ref:WP_023262971.1:|macrolide|macB|unknown	44.6	222	120	1	4	669	3	221	4.4e-52	201.1
Parcubacteria6_00331	gi:446048041:ref:WP_000125896.1:|macrolide|macB|unknown	44.6	222	120	1	4	669	3	221	4.4e-52	201.1
Parcubacteria6_00331	gi:860076485:ref:WP_048348817.1:|macrolide|macB|unknown	44.6	222	120	1	4	669	3	221	4.4e-52	201.1
Parcubacteria6_00331	gi:555249307:ref:WP_023232933.1:|macrolide|macB|unknown	44.6	222	120	1	4	669	3	221	4.4e-52	201.1
Parcubacteria6_00686	AAO47226.2|aminocoumarin|Streptomyces	41.4	684	343	13	40	1932	19	697	3.6e-133	471.9
Parcubacteria7_00108	APB03214.1|tetracycline|tetA(48)|Efflux	42.6	223	127	1	10	678	23	244	2.4e-48	188.7
Parcubacteria7_00108	AAA26793|multidrug|olec|antibiotic	39.4	226	136	1	1	678	3	227	1.3e-46	183.0
Parcubacteria7_00108	(MLS)ole(C):L06249:1528-2505:978|macrolide|oleC|unknown	39.4	226	136	1	1	678	3	227	1.3e-46	183.0
Parcubacteria7_00108	YP_001373621|bacitracin|BcrA|unknown	41.9	210	119	1	10	639	22	228	7.5e-42	167.2
Parcubacteria7_00108	gi:542061059:gb:ERI11611.1:|peptide|bcrA|unknown	40.6	217	126	1	10	660	20	233	2.2e-41	165.6
Parcubacteria7_00108	gi:445996732:ref:WP_000074587.1:|peptide|bcrA|unknown	40.5	210	122	1	10	639	13	219	3.7e-41	164.9
Parcubacteria7_00108	gi:445996723:ref:WP_000074578.1:|peptide|bcrA|unknown	41.0	210	121	1	10	639	13	219	1.1e-40	163.3
Parcubacteria7_00108	gi:500194536:ref:WP_011867743.1:|peptide|bcrA|unknown	41.8	208	118	1	10	633	10	214	1.1e-40	163.3
Parcubacteria7_00108	AAA99504.1|bacitracin|bcrA|unknown	41.3	208	119	1	10	633	10	214	1.4e-40	162.9
Parcubacteria7_00108	gi:445996722:ref:WP_000074577.1:|peptide|bcrA|unknown	41.0	210	121	1	10	639	13	219	1.4e-40	162.9
Parcubacteria7_00108	gi:510143239:gb:AGN36970.1:|peptide|bcrA|unknown	41.3	208	119	1	10	633	17	221	1.4e-40	162.9
Parcubacteria7_00108	ABB80128|bacitracin|bcrA|unknown	41.3	208	119	1	10	633	10	214	1.9e-40	162.5
Parcubacteria7_00108	gi:445996726:ref:WP_000074581.1:|peptide|bcrA|unknown	40.5	210	122	1	10	639	13	219	2.4e-40	162.2
Parcubacteria7_00108	gi:507054395:ref:WP_016125339.1:|peptide|bcrA|unknown	40.5	210	122	1	10	639	13	219	2.4e-40	162.2
Parcubacteria7_00108	gi:1043490477:ref:WP_065382463.1:|peptide|bcrA|unknown	40.5	210	122	1	10	639	13	219	2.4e-40	162.2
Parcubacteria7_00108	gi:445996729:ref:WP_000074584.1:|peptide|bcrA|unknown	39.4	216	128	1	10	657	13	225	3.2e-40	161.8
Parcubacteria7_00108	gi:445996724:ref:WP_000074579.1:|peptide|bcrA|unknown	40.5	210	122	1	10	639	13	219	3.2e-40	161.8
Parcubacteria7_00108	gi:884875933:emb:CKG93789.1:|peptide|bcrA|unknown	40.0	210	123	1	10	639	13	219	4.1e-40	161.4
Parcubacteria7_00108	gi:895808656:emb:COR83787.1:|peptide|bcrA|unknown	39.4	216	128	1	10	657	13	225	4.1e-40	161.4
Parcubacteria7_00108	AAD21213|bacitracin|bcrA|unknown	40.9	208	120	1	10	633	10	214	7.1e-40	160.6
Parcubacteria7_00108	gi:507035724:ref:WP_016107411.1:|peptide|bcrA|unknown	39.5	210	124	1	10	639	13	219	7.1e-40	160.6
Parcubacteria7_00108	gi:445996695:ref:WP_000074550.1:|peptide|bcrA|unknown	39.5	210	124	1	10	639	13	219	9.2e-40	160.2
Parcubacteria7_00108	gi:445996696:ref:WP_000074551.1:|peptide|bcrA|unknown	39.5	210	124	1	10	639	13	219	9.2e-40	160.2
Parcubacteria7_00108	gi:488042066:ref:WP_002113463.1:|peptide|bcrA|unknown	39.5	210	124	1	10	639	13	219	9.2e-40	160.2
Parcubacteria7_00108	gi:445996697:ref:WP_000074552.1:|peptide|bcrA|unknown	39.5	210	124	1	10	639	13	219	9.2e-40	160.2
Parcubacteria7_00111	gi:896325272:ref:WP_049294291.1:|macrolide|macB|unknown	51.1	225	105	4	127	801	10	229	4.1e-54	208.0
Parcubacteria7_00111	gi:639216333:ref:WP_024554080.1:|macrolide|macB|unknown	52.5	217	98	4	127	777	10	221	5.3e-54	207.6
Parcubacteria7_00111	gi:554685678:ref:WP_023185565.1:|macrolide|macB|unknown	47.7	239	107	4	70	786	4	224	2.7e-53	205.3
Parcubacteria7_00111	gi:959866458:ref:WP_058145168.1:|macrolide|macB|unknown	46.9	239	109	4	70	786	4	224	5.9e-53	204.1
Parcubacteria7_00111	gi:910973847:ref:WP_050149048.1:|macrolide|macB|unknown	47.3	239	108	4	70	786	4	224	5.9e-53	204.1
Parcubacteria7_00111	gi:639218559:ref:WP_024556062.1:|macrolide|macB|unknown	51.6	217	100	3	127	777	10	221	5.9e-53	204.1
Parcubacteria7_00111	gi:639225329:ref:WP_024561799.1:|macrolide|macB|unknown	51.6	217	100	3	127	777	10	221	5.9e-53	204.1
Parcubacteria7_00111	gi:779838942:ref:WP_045343641.1:|macrolide|macB|unknown	46.9	239	109	4	70	786	4	224	5.9e-53	204.1
Parcubacteria7_00111	YP_002113999|macrolide-lincosamide-streptogramin|MacB|unknown	46.9	239	109	4	70	786	4	224	7.7e-53	203.8
Parcubacteria7_00111	ZP_04657259|macrolide-lincosamide-streptogramin|MacB|unknown	46.9	239	109	4	70	786	4	224	7.7e-53	203.8
Parcubacteria7_00111	YP_002044935|macrolide-lincosamide-streptogramin|MacB|unknown	46.9	239	109	4	70	786	4	224	7.7e-53	203.8
Parcubacteria7_00111	ZP_02831928|macrolide-lincosamide-streptogramin|MacB|unknown	46.9	239	109	4	70	786	4	224	7.7e-53	203.8
Parcubacteria7_00111	YP_002040143|macrolide-lincosamide-streptogramin|MacB|unknown	46.9	239	109	4	70	786	4	224	7.7e-53	203.8
Parcubacteria7_00111	gi:685236936:ref:WP_031605176.1:|macrolide|macB|unknown	46.9	239	109	4	70	786	4	224	7.7e-53	203.8
Parcubacteria7_00111	gi:959101689:ref:WP_058107049.1:|macrolide|macB|unknown	46.9	239	109	4	70	786	4	224	7.7e-53	203.8
Parcubacteria7_00111	gi:835666879:ref:WP_047606339.1:|macrolide|macB|unknown	46.9	239	109	4	70	786	4	224	7.7e-53	203.8
Parcubacteria7_00111	gi:555288792:ref:WP_023262971.1:|macrolide|macB|unknown	46.9	239	109	4	70	786	4	224	7.7e-53	203.8
Parcubacteria7_00111	gi:446048041:ref:WP_000125896.1:|macrolide|macB|unknown	46.9	239	109	4	70	786	4	224	7.7e-53	203.8
Parcubacteria7_00111	gi:860076485:ref:WP_048348817.1:|macrolide|macB|unknown	46.9	239	109	4	70	786	4	224	7.7e-53	203.8
Parcubacteria7_00111	gi:555249307:ref:WP_023232933.1:|macrolide|macB|unknown	46.9	239	109	4	70	786	4	224	7.7e-53	203.8
Parcubacteria7_00111	gi:959109145:ref:WP_058113944.1:|macrolide|macB|unknown	47.3	239	108	4	70	786	4	224	7.7e-53	203.8
Parcubacteria7_00111	gi:919601241:ref:WP_052893936.1:|macrolide|macB|unknown	46.9	239	109	4	70	786	4	224	7.7e-53	203.8
Parcubacteria7_00111	gi:970558766:ref:WP_058820271.1:|macrolide|macB|unknown	46.9	239	109	4	70	786	4	224	7.7e-53	203.8
Parcubacteria7_00111	gi:920043183:ref:WP_052939253.1:|macrolide|macB|unknown	46.9	239	109	4	70	786	4	224	7.7e-53	203.8
Parcubacteria7_00111	gi:555241715:ref:WP_023226297.1:|macrolide|macB|unknown	46.9	239	109	4	70	786	4	224	7.7e-53	203.8
Parcubacteria7_00274	gi:647325472:ref:WP_025760953.1:|macrolide|macB|unknown	47.5	219	115	0	4	660	3	221	5.1e-53	204.1
Parcubacteria7_00274	Q83LR7|macrolide|macB|unknown	47.5	219	115	0	4	660	3	221	5.1e-53	204.1
Parcubacteria7_00274	gi:647323678:ref:WP_025760497.1:|macrolide|macB|unknown	47.5	219	115	0	4	660	3	221	5.1e-53	204.1
Parcubacteria7_00274	YP_001176128|macrolide-lincosamide-streptogramin|MacB|unknown	46.5	230	123	0	7	696	4	233	1.5e-52	202.6
Parcubacteria7_00274	gi:446110305:ref:WP_000188160.1:|macrolide|macB|unknown	47.0	219	116	0	4	660	3	221	1.5e-52	202.6
Parcubacteria7_00274	gi:974588181:ref:WP_059178476.1:|macrolide|macB|unknown	46.5	230	123	0	7	696	4	233	2.5e-52	201.8
Parcubacteria7_00274	ZP_02903696|macrolide-lincosamide-streptogramin|MacB|unknown	45.0	240	129	2	4	714	3	242	3.3e-52	201.4
Parcubacteria7_00274	gi:974628291:ref:WP_059215695.1:|macrolide|macB|unknown	45.0	240	129	2	4	714	3	242	3.3e-52	201.4
Parcubacteria7_00274	gi:446110298:ref:WP_000188153.1:|macrolide|macB|unknown	45.0	240	129	2	4	714	3	242	3.3e-52	201.4
Parcubacteria7_00274	gi:446110299:ref:WP_000188154.1:|macrolide|macB|unknown	45.0	240	129	2	4	714	3	242	3.3e-52	201.4
Parcubacteria7_00274	gi:974672242:ref:WP_059256507.1:|macrolide|macB|unknown	45.0	240	129	2	4	714	3	242	3.3e-52	201.4
Parcubacteria7_00274	gi:974684692:ref:WP_059267998.1:|macrolide|macB|unknown	45.0	240	129	2	4	714	3	242	3.3e-52	201.4
Parcubacteria7_00274	gi:643601187:ref:WP_025237288.1:|macrolide|macB|unknown	45.0	240	129	2	4	714	3	242	3.3e-52	201.4
Parcubacteria7_00274	gi:974641719:ref:WP_059227752.1:|macrolide|macB|unknown	45.0	240	129	2	4	714	3	242	3.3e-52	201.4
Parcubacteria7_00274	gi:974688082:ref:WP_059271287.1:|macrolide|macB|unknown	45.0	240	129	2	4	714	3	242	3.3e-52	201.4
Parcubacteria7_00274	gi:974633183:ref:WP_059219858.1:|macrolide|macB|unknown	45.0	240	129	2	4	714	3	242	3.3e-52	201.4
Parcubacteria7_00274	YP_002382193|macrolide-lincosamide-streptogramin|MacB|unknown	45.0	222	122	0	4	669	3	224	4.3e-52	201.1
Parcubacteria7_00274	gi:803575554:ref:WP_046081557.1:|macrolide|macB|unknown	45.0	222	122	0	4	669	3	224	4.3e-52	201.1
Parcubacteria7_00274	gi:803568669:ref:WP_046077412.1:|macrolide|macB|unknown	45.0	222	122	0	4	669	3	224	4.3e-52	201.1
Parcubacteria7_00274	gi:757782629:ref:WP_043001213.1:|macrolide|macB|unknown	43.7	231	130	0	7	699	4	234	4.3e-52	201.1
Parcubacteria7_00274	gi:446110351:ref:WP_000188206.1:|macrolide|macB|unknown	45.0	222	122	0	4	669	3	224	4.3e-52	201.1
Parcubacteria7_00274	gi:446110352:ref:WP_000188207.1:|macrolide|macB|unknown	45.0	222	122	0	4	669	3	224	4.3e-52	201.1
Parcubacteria7_00274	gi:446110301:ref:WP_000188156.1:|macrolide|macB|unknown	46.6	219	117	0	4	660	3	221	5.7e-52	200.7
Parcubacteria7_00274	gi:693054987:ref:WP_032223114.1:|macrolide|macB|unknown	46.1	219	118	0	4	660	3	221	5.7e-52	200.7
Parcubacteria7_00274	gi:1001720867:ref:WP_061274204.1:|macrolide|macB|unknown	45.5	231	126	0	7	699	4	234	5.7e-52	200.7
Parcubacteria8_00113	gi:1028100574:ref:WP_063856709.1:|glycopeptide|vanHF|unknown	36.3	292	162	6	130	990	49	321	5.6e-45	177.9
Parcubacteria8_00113	gi:740152780:ref:WP_037997109.1:|glycopeptide|vanHF|unknown	37.6	290	161	7	130	990	49	321	7.3e-45	177.6
Parcubacteria8_00113	AAA65955.1|glycopeptide|vanHA|unknown	38.1	289	153	7	130	978	49	317	1.1e-43	173.7
Parcubacteria8_00113	gi:1028100573:ref:WP_063856708.1:|glycopeptide|vanHA|unknown	38.1	289	153	8	130	978	49	317	1.4e-43	173.3
Parcubacteria8_00113	gi:746609237:ref:WP_039635344.1:|glycopeptide|vanHF|unknown	37.8	294	155	8	130	990	49	321	1.4e-43	173.3
Parcubacteria8_00113	gi:737310392:ref:WP_035293250.1:|glycopeptide|vanHF|unknown	36.0	292	163	6	130	990	50	322	1.4e-43	173.3
Parcubacteria8_00113	gi:1028100562:ref:WP_063856697.1:|glycopeptide|vanHA|unknown	38.4	289	152	7	130	978	49	317	3.1e-43	172.2
Parcubacteria8_00113	gi:488246060:ref:WP_002317268.1:|glycopeptide|vanHB|unknown	38.5	286	156	7	130	978	50	318	6.8e-43	171.0
Parcubacteria8_00113	gi:738848198:ref:WP_036737307.1:|glycopeptide|vanHF|unknown	36.6	292	161	6	130	990	50	322	1.2e-42	170.2
Parcubacteria8_00113	gi:1028100566:ref:WP_063856701.1:|glycopeptide|vanHB|unknown	38.1	286	157	7	130	978	50	318	1.5e-42	169.9
Parcubacteria8_00113	gi:488313489:ref:WP_002382874.1:|glycopeptide|vanHB|unknown	38.1	286	157	7	130	978	50	318	2.0e-42	169.5
Parcubacteria8_00113	gi:748291565:ref:WP_039833223.1:|glycopeptide|vanHA|unknown	35.5	304	172	6	82	978	33	317	2.0e-42	169.5
Parcubacteria8_00113	gi:1028100575:ref:WP_063856710.1:|glycopeptide|vanHA|unknown	38.1	289	153	8	130	978	49	317	2.6e-42	169.1
Parcubacteria8_00113	gi:1028100565:ref:WP_063856700.1:|glycopeptide|vanHO|unknown	39.5	263	143	5	193	981	96	342	2.6e-42	169.1
Parcubacteria8_00113	gi:985522333:ref:WP_060811962.1:|glycopeptide|vanHB|unknown	37.8	286	158	7	130	978	50	318	4.4e-42	168.3
Parcubacteria8_00113	gi:498515089:ref:WP_010815296.1:|glycopeptide|vanHB|unknown	37.8	286	158	7	130	978	50	318	5.8e-42	167.9
Parcubacteria8_00113	gi:1028100564:ref:WP_063856699.1:|glycopeptide|vanHO|unknown	38.7	266	147	5	193	990	96	345	7.5e-42	167.5
Parcubacteria8_00113	AAF36802.1|glycopeptide|vanHF|unknown	36.3	292	162	6	130	990	49	321	1.3e-41	166.8
Parcubacteria8_00113	ACL82960.1|glycopeptide|vanHM|unknown	35.9	290	162	6	124	978	51	321	1.7e-41	166.4
Parcubacteria8_00113	AAB05626.1|glycopeptide|vanHB|unknown	37.4	286	159	7	130	978	50	318	2.9e-41	165.6
Parcubacteria8_00113	gi:1028100563:ref:WP_063856698.1:|glycopeptide|vanHO|unknown	38.6	267	149	4	181	981	99	350	4.9e-41	164.9
Parcubacteria8_00113	Q47748|glycopeptide|vanHB|unknown	37.4	286	159	7	130	978	50	318	4.9e-41	164.9
Parcubacteria8_00113	gi:749574782:ref:WP_040203616.1:|glycopeptide|vanHA|unknown	36.5	288	159	7	130	978	50	318	8.3e-41	164.1
Parcubacteria8_00113	gi:695262786:ref:WP_032489745.1:|glycopeptide|vanHB|unknown	38.2	267	147	6	181	978	69	318	1.1e-40	163.7
Parcubacteria8_00113	gi:1028100567:ref:WP_063856702.1:|glycopeptide|vanHD|unknown	37.0	289	162	8	121	978	47	318	2.4e-40	162.5
Parcubacteria9_00008	YP_002382193|macrolide-lincosamide-streptogramin|MacB|unknown	44.9	234	127	1	1	696	5	238	1.1e-55	213.0
Parcubacteria9_00008	gi:803575554:ref:WP_046081557.1:|macrolide|macB|unknown	44.9	234	127	1	1	696	5	238	1.1e-55	213.0
Parcubacteria9_00008	gi:803568669:ref:WP_046077412.1:|macrolide|macB|unknown	44.9	234	127	1	1	696	5	238	1.1e-55	213.0
Parcubacteria9_00008	gi:446110351:ref:WP_000188206.1:|macrolide|macB|unknown	44.9	234	127	1	1	696	5	238	1.1e-55	213.0
Parcubacteria9_00008	gi:446110352:ref:WP_000188207.1:|macrolide|macB|unknown	44.9	234	127	1	1	696	5	238	1.1e-55	213.0
Parcubacteria9_00008	gi:968563772:ref:WP_058587854.1:|macrolide|macB|unknown	45.1	224	121	1	1	666	5	228	6.0e-54	207.2
Parcubacteria9_00008	gi:694085087:ref:WP_032429904.1:|macrolide|macB|unknown	47.3	222	115	1	1	660	5	226	6.0e-54	207.2
Parcubacteria9_00008	gi:754927849:ref:WP_042284850.1:|macrolide|macB|unknown	45.5	222	119	1	1	660	5	226	6.0e-54	207.2
Parcubacteria9_00008	gi:1028112073:ref:WP_063866263.1:|macrolide|macB|unknown	45.9	222	118	1	1	660	5	226	7.8e-54	206.8
Parcubacteria9_00008	gi:763407609:ref:WP_044264203.1:|macrolide|macB|unknown	45.1	224	121	1	1	666	5	228	7.8e-54	206.8
Parcubacteria9_00008	gi:757782629:ref:WP_043001213.1:|macrolide|macB|unknown	45.1	224	121	1	1	666	5	228	7.8e-54	206.8
Parcubacteria9_00008	gi:992390012:ref:WP_061077002.1:|macrolide|macB|unknown	45.1	224	121	1	1	666	5	228	7.8e-54	206.8
Parcubacteria9_00008	YP_001176128|macrolide-lincosamide-streptogramin|MacB|unknown	45.5	224	120	1	1	666	5	228	1.0e-53	206.5
Parcubacteria9_00008	gi:490249706:ref:WP_004147781.1:|macrolide|macB|unknown	46.8	222	116	1	1	660	5	226	1.0e-53	206.5
Parcubacteria9_00008	gi:556436452:ref:WP_023312896.1:|macrolide|macB|unknown	46.8	222	116	1	1	660	5	226	1.0e-53	206.5
Parcubacteria9_00008	gi:1044175355:emb:SBY84545.1:|macrolide|macB|unknown	46.8	222	116	1	1	660	5	226	1.0e-53	206.5
Parcubacteria9_00008	gi:1044231927:emb:SBX14918.1:|macrolide|macB|unknown	46.8	222	116	1	1	660	5	226	1.0e-53	206.5
Parcubacteria9_00008	gi:960851665:ref:WP_058330789.1:|macrolide|macB|unknown	46.8	222	116	1	1	660	5	226	1.0e-53	206.5
Parcubacteria9_00008	gi:896074949:ref:WP_049117877.1:|macrolide|macB|unknown	46.8	222	116	1	1	660	5	226	1.0e-53	206.5
Parcubacteria9_00008	gi:1031825849:ref:WP_064152930.1:|macrolide|macB|unknown	46.8	222	116	1	1	660	5	226	1.0e-53	206.5
Parcubacteria9_00008	gi:644804533:ref:WP_025368306.1:|macrolide|macB|unknown	46.8	222	116	1	1	660	5	226	1.0e-53	206.5
Parcubacteria9_00008	gi:1022698495:ref:WP_063449190.1:|macrolide|macB|unknown	45.9	222	118	1	1	660	5	226	1.3e-53	206.1
Parcubacteria9_00008	gi:927316447:ref:WP_053810605.1:|macrolide|macB|unknown	46.6	223	117	1	1	663	5	227	1.3e-53	206.1
Parcubacteria9_00008	gi:754964360:ref:WP_042320280.1:|macrolide|macB|unknown	45.1	224	121	1	1	666	5	228	1.3e-53	206.1
Parcubacteria9_00008	gi:1022664304:ref:WP_063420886.1:|macrolide|macB|unknown	45.5	222	119	1	1	660	5	226	1.7e-53	205.7
SR1_00236	WP_011461306.1|glycopeptide|vanKI|unknown	25.2	143	104	2	544	966	219	360	1.6e-07	53.5
Thermodesulfovibrio1_01957	YP_002738300|tetracycline|tetM|unknown	35.8	151	86	5	40	477	5	149	9.9e-17	84.3
Thermodesulfovibrio1_01957	gi:504199711:ref:WP_014386813.1:|tetracycline|tetM|unknown	35.8	151	86	5	40	477	5	149	9.9e-17	84.3
Thermodesulfovibrio1_01957	gi:490770108:ref:WP_004632336.1:|tetracycline|tetM|unknown	35.8	151	86	5	40	477	5	149	9.9e-17	84.3
Thermodesulfovibrio1_01957	gi:1028099865:ref:WP_063856114.1:|tetracycline|tetM|unknown	35.8	151	86	5	40	477	5	149	9.9e-17	84.3
Thermodesulfovibrio1_01957	gi:488345309:ref:WP_002414694.1:|tetracycline|tetM|unknown	35.8	151	86	5	40	477	5	149	9.9e-17	84.3
Thermodesulfovibrio1_01957	gi:1028100163:ref:WP_063856393.1:|tetracycline|tetM|unknown	35.1	151	87	5	40	477	5	149	1.3e-16	84.0
Thermodesulfovibrio1_01957	gi:319894056:gb:ADV76307.1:|tetracycline|tetM|unknown	35.8	151	86	5	40	477	5	149	1.7e-16	83.6
Thermodesulfovibrio1_01957	gi:1028100223:ref:WP_063856403.1:|tetracycline|tetM|unknown	34.9	152	86	5	40	477	5	149	2.9e-16	82.8
Thermodesulfovibrio1_01957	gi:1028100199:ref:WP_063856401.1:|tetracycline|tetM|unknown	34.9	152	86	5	40	477	5	149	2.9e-16	82.8
Thermodesulfovibrio1_01957	AAT02170|tetracycline|tetS|unknown	37.7	130	74	3	40	417	10	136	3.8e-16	82.4
Thermodesulfovibrio1_01957	AAA25293.1|tetracycline|tetS|unknown	37.7	130	74	3	40	417	5	131	3.8e-16	82.4
Thermodesulfovibrio1_01957	gi:1391850598:ref:WP_109544237.1:|tetracycline|tetS|unknown	37.7	130	74	3	40	417	5	131	3.8e-16	82.4
Thermodesulfovibrio1_01957	ACA42497|tetracycline|tetS|unknown	37.7	130	74	3	40	417	10	136	3.8e-16	82.4
Thermodesulfovibrio1_01957	YP_001834888|tetracycline|tetM|unknown	34.9	152	86	5	40	477	10	154	4.9e-16	82.0
Thermodesulfovibrio1_01957	YP_001694718|tetracycline|tetM|unknown	34.9	152	86	5	40	477	5	149	4.9e-16	82.0
Thermodesulfovibrio1_01957	ZP_03079543|tetracycline|tetM|unknown	34.9	152	86	5	40	477	5	149	4.9e-16	82.0
Thermodesulfovibrio1_01957	ZP_04435342|tetracycline|tetM|unknown	34.9	152	86	5	40	477	10	154	4.9e-16	82.0
Thermodesulfovibrio1_01957	ABP89888|tetracycline|tetM|unknown	34.9	152	86	5	40	477	10	154	4.9e-16	82.0
Thermodesulfovibrio1_01957	ZP_03915077|tetracycline|tetM|unknown	34.9	152	86	5	40	477	10	154	4.9e-16	82.0
Thermodesulfovibrio1_01957	CAA37477.1|tetracycline|otrA|unknown	38.0	129	75	3	40	417	5	131	4.9e-16	82.0
Thermodesulfovibrio1_01957	ZP_03984378|tetracycline|tetM|unknown	34.9	152	86	5	40	477	10	154	4.9e-16	82.0
Thermodesulfovibrio1_01957	ZP_02511926|tetracycline|tetM|unknown	34.9	152	86	5	40	477	10	154	4.9e-16	82.0
Thermodesulfovibrio1_01957	gi:1028100184:ref:WP_063856397.1:|tetracycline|tetM|unknown	34.9	152	86	5	40	477	5	149	4.9e-16	82.0
Thermodesulfovibrio1_01957	gi:1028099868:ref:WP_063856115.1:|tetracycline|tetM|unknown	34.9	152	86	5	40	477	5	149	4.9e-16	82.0
Thermodesulfovibrio1_01957	gi:1028099858:ref:WP_063856112.1:|tetracycline|tetM|unknown	34.9	152	86	5	40	477	5	149	4.9e-16	82.0
Unknown1_00476	gi:583596984:gb:EWE59955.1:|cephalosporin;penam|OXA-9|unknown	30.3	89	59	1	331	588	169	257	1.8e-04	44.3
Unknown13_00161	gi:583596984:gb:EWE59955.1:|cephalosporin;penam|OXA-9|unknown	30.3	89	59	1	331	588	169	257	3.0e-04	43.5
Unknown15_00028	gi:696411918:ref:WP_032982657.1:|macrolide|macB|unknown	44.2	233	130	0	1	699	4	236	9.2e-55	209.9
Unknown15_00028	gi:696402390:ref:WP_032974230.1:|macrolide|macB|unknown	43.8	233	131	0	1	699	4	236	6.0e-54	207.2
Unknown15_00028	gi:696423952:ref:WP_032993748.1:|macrolide|macB|unknown	43.8	233	131	0	1	699	4	236	6.0e-54	207.2
Unknown15_00028	gi:504542119:ref:WP_014729221.1:|macrolide|macB|unknown	45.7	221	120	0	1	663	4	224	3.9e-53	204.5
Unknown15_00028	gi:565651791:ref:WP_023899061.1:|macrolide|macB|unknown	43.3	233	132	0	1	699	4	236	8.6e-53	203.4
Unknown15_00028	gi:506220920:ref:WP_015740695.1:|macrolide|macB|unknown	45.2	221	121	0	1	663	4	224	1.1e-52	203.0
Unknown15_00028	YP_001438541|macrolide-lincosamide-streptogramin|MacB|unknown	45.2	221	121	0	1	663	4	224	1.5e-52	202.6
Unknown15_00028	gi:938460528:ref:WP_054624864.1:|macrolide|macB|unknown	45.2	221	121	0	1	663	4	224	1.5e-52	202.6
Unknown15_00028	gi:742378414:ref:WP_038857601.1:|macrolide|macB|unknown	45.2	221	121	0	1	663	4	224	1.5e-52	202.6
Unknown15_00028	gi:1020141879:ref:WP_063264839.1:|macrolide|macB|unknown	45.2	221	121	0	1	663	4	224	1.5e-52	202.6
Unknown15_00028	gi:938461734:ref:WP_054625806.1:|macrolide|macB|unknown	45.2	221	121	0	1	663	4	224	1.5e-52	202.6
Unknown15_00028	gi:490522515:ref:WP_004387938.1:|macrolide|macB|unknown	45.2	221	121	0	1	663	4	224	1.5e-52	202.6
Unknown15_00028	gi:494938585:ref:WP_007664615.1:|macrolide|macB|unknown	42.5	233	134	0	1	699	4	236	2.5e-52	201.8
Unknown15_00028	gi:426326769:emb:CCK10228.1:|macrolide|macB|unknown	45.2	221	121	0	1	663	4	224	3.3e-52	201.4
Unknown15_00028	gi:655997348:ref:WP_029038923.1:|macrolide|macB|unknown	45.2	221	121	0	1	663	4	224	3.3e-52	201.4
Unknown15_00028	F9Q5J6|macrolide|macB	43.0	221	126	0	1	663	3	223	7.3e-52	200.3
Unknown15_00028	gi:696420214:ref:WP_032990021.1:|macrolide|macB|unknown	44.8	221	122	0	1	663	4	224	9.5e-52	199.9
Unknown15_00028	YP_002382193|macrolide-lincosamide-streptogramin|MacB|unknown	43.4	221	125	0	1	663	4	224	2.8e-51	198.4
Unknown15_00028	gi:803575554:ref:WP_046081557.1:|macrolide|macB|unknown	43.4	221	125	0	1	663	4	224	2.8e-51	198.4
Unknown15_00028	gi:803568669:ref:WP_046077412.1:|macrolide|macB|unknown	43.4	221	125	0	1	663	4	224	2.8e-51	198.4
Unknown15_00028	gi:446110351:ref:WP_000188206.1:|macrolide|macB|unknown	43.4	221	125	0	1	663	4	224	2.8e-51	198.4
Unknown15_00028	gi:446110352:ref:WP_000188207.1:|macrolide|macB|unknown	43.4	221	125	0	1	663	4	224	2.8e-51	198.4
Unknown15_00028	gi:754927849:ref:WP_042284850.1:|macrolide|macB|unknown	43.6	218	123	0	1	654	4	221	2.8e-51	198.4
Unknown15_00028	gi:742409107:ref:WP_038888226.1:|macrolide|macB|unknown	41.6	233	136	0	1	699	4	236	3.6e-51	198.0
Unknown15_00028	gi:495067432:ref:WP_007792257.1:|macrolide|macB|unknown	42.5	233	134	0	1	699	4	236	3.6e-51	198.0
Unknown18_00596	gi:489865503:ref:WP_003769095.1:|fluoroquinolone|patB|unknown	21.3	357	266	8	91	1134	29	379	1.1e-17	87.4
Unknown18_00596	gi:489824637:ref:WP_003728417.1:|fluoroquinolone|patB|unknown	21.0	357	267	8	91	1134	29	379	2.2e-16	83.2
Unknown18_00596	gi:501976562:ref:WP_012681429.1:|fluoroquinolone|patB|unknown	21.0	357	267	8	91	1134	29	379	4.8e-16	82.0
Unknown18_00596	HE999704.1.gene2674.p01|fluoroquinolone|patB|unknown	20.7	357	268	8	91	1134	29	379	6.3e-16	81.6
Unknown18_00596	gi:499299025:ref:WP_010989975.1:|fluoroquinolone|patB|unknown	20.4	357	269	8	91	1134	29	379	1.4e-15	80.5
Unknown18_00596	gi:497610921:ref:WP_009925105.1:|fluoroquinolone|patB|unknown	20.4	357	269	8	91	1134	29	379	1.4e-15	80.5
Unknown18_00596	gi:489818582:ref:WP_003722396.1:|fluoroquinolone|patB|unknown	20.4	357	269	8	91	1134	29	379	1.4e-15	80.5
Unknown18_00596	gi:1005569653:ref:WP_061663029.1:|fluoroquinolone|patB|unknown	20.4	357	269	8	91	1134	29	379	2.4e-15	79.7
Unknown18_00596	gi:489827925:ref:WP_003731686.1:|fluoroquinolone|patB|unknown	20.4	357	269	8	91	1134	29	379	3.1e-15	79.3
Unknown18_00596	gi:504744538:ref:WP_014931640.1:|fluoroquinolone|patB|unknown	20.4	357	269	8	91	1134	29	379	3.1e-15	79.3
Unknown18_00596	gi:489831097:ref:WP_003734834.1:|fluoroquinolone|patB|unknown	20.4	357	269	8	91	1134	29	379	6.9e-15	78.2
Unknown18_00596	gi:685904080:ref:WP_031644138.1:|fluoroquinolone|patB|unknown	20.4	357	269	8	91	1134	29	379	6.9e-15	78.2
Unknown3_01690	gi:1028100276:ref:WP_063856411.1:|tetracycline|tetS|unknown	34.3	134	77	3	37	423	4	131	5.4e-15	78.6
Unknown3_01690	gi:489768696:ref:WP_003672618.1:|tetracycline|tetW|unknown	37.5	136	70	4	37	423	4	131	5.4e-15	78.6
Unknown3_01690	Q48712|tetracycline|tetS|unknown	34.3	134	77	3	37	423	9	136	5.4e-15	78.6
Unknown3_01690	gi:1028100286:ref:WP_063856421.1:|tetracycline|tetW|unknown	35.5	138	70	4	37	423	4	131	7.1e-15	78.2
Unknown3_01690	AAT02170|tetracycline|tetS|unknown	34.3	134	77	3	37	423	9	136	9.3e-15	77.8
Unknown3_01690	AAA25293.1|tetracycline|tetS|unknown	34.3	134	77	3	37	423	4	131	9.3e-15	77.8
Unknown3_01690	gi:1391850598:ref:WP_109544237.1:|tetracycline|tetS|unknown	34.3	134	77	3	37	423	4	131	9.3e-15	77.8
Unknown3_01690	gi:918672380:ref:WP_052543100.1:|tetracycline|tetW|unknown	36.8	136	71	4	37	423	4	131	9.3e-15	77.8
Unknown3_01690	ACA42497|tetracycline|tetS|unknown	34.3	134	77	3	37	423	9	136	9.3e-15	77.8
Unknown3_01690	ZP_04576183|tetracycline|tetW|unknown	34.3	134	77	3	37	423	4	131	1.2e-14	77.4
Unknown3_01690	ACA23185.1|tetracycline|tetW|unknown	34.3	134	77	3	37	423	4	131	1.2e-14	77.4
Unknown3_01690	ZP_02091679|tetracycline|tetW|unknown	34.3	134	77	3	37	423	4	131	1.2e-14	77.4
Unknown3_01690	AMP42147.1|tetracycline|tet(W/N/W)|unknown	34.3	134	77	3	37	423	4	131	1.2e-14	77.4
Unknown3_01690	gi:1028100290:ref:WP_063856425.1:|tetracycline|tetW|unknown	34.3	134	77	3	37	423	4	131	1.2e-14	77.4
Unknown3_01690	gi:1028100288:ref:WP_063856423.1:|tetracycline|tetW|unknown	34.3	134	77	3	37	423	4	131	1.2e-14	77.4
Unknown3_01690	gi:1028100284:ref:WP_063856419.1:|tetracycline|tet32|unknown	35.5	138	70	4	37	423	4	131	1.2e-14	77.4
Unknown3_01690	gi:1028100283:ref:WP_063856418.1:|tetracycline|tetW|unknown	34.3	134	77	3	37	423	4	131	1.2e-14	77.4
Unknown3_01690	gi:1028100282:ref:WP_063856417.1:|tetracycline|tetW|unknown	34.3	134	77	3	37	423	4	131	1.2e-14	77.4
Unknown3_01690	gi:1028100281:ref:WP_063856416.1:|tetracycline|tetW|unknown	34.3	134	77	3	37	423	4	131	1.2e-14	77.4
Unknown3_01690	gi:1028100280:ref:WP_063856415.1:|tetracycline|tetW|unknown	34.3	134	77	3	37	423	4	131	1.2e-14	77.4
Unknown3_01690	gi:1028100279:ref:WP_063856414.1:|tetracycline|tetW|unknown	34.3	134	77	3	37	423	4	131	1.2e-14	77.4
Unknown3_01690	gi:933770025:ref:WP_054336482.1:|tetracycline|tetW|unknown	35.5	138	70	4	37	423	4	131	1.2e-14	77.4
Unknown3_01690	gi:914626309:ref:WP_050618045.1:|tetracycline|tetW|unknown	34.3	134	77	3	37	423	4	131	1.2e-14	77.4
Unknown3_01690	gi:705394234:ref:WP_033493020.1:|tetracycline|tetW|unknown	34.3	134	77	3	37	423	4	131	1.2e-14	77.4
Unknown3_01690	gi:503844534:ref:WP_014078528.1:|tetracycline|tetW|unknown	34.3	134	77	3	37	423	4	131	1.2e-14	77.4
Unknown6_00728	APB03214.1|tetracycline|tetA(48)|Efflux	43.9	228	127	1	46	729	18	244	6.2e-50	194.1
Unknown6_00728	(MLS)ole(C):L06249:1528-2505:978|macrolide|oleC|unknown	35.4	223	143	1	46	714	1	222	9.5e-43	170.2
Unknown6_00728	AAA26793|multidrug|olec|antibiotic	35.7	221	141	1	52	714	3	222	1.2e-42	169.9
Unknown6_00728	gi:445996732:ref:WP_000074587.1:|peptide|bcrA|unknown	38.4	224	135	1	37	708	5	225	8.9e-41	163.7
Unknown6_00728	gi:447195836:ref:WP_001273092.1:|peptide|bcrA|unknown	37.1	251	149	2	37	771	2	249	1.2e-40	163.3
Unknown6_00728	gi:447195835:ref:WP_001273091.1:|peptide|bcrA|unknown	37.1	251	149	2	37	771	2	249	1.2e-40	163.3
Unknown6_00728	ZP_04081918|bacitracin|BcrA|unknown	39.1	225	134	1	37	711	2	223	1.5e-40	162.9
Unknown6_00728	gi:542061059:gb:ERI11611.1:|peptide|bcrA|unknown	39.1	225	134	1	37	711	12	233	2.0e-40	162.5
Unknown6_00728	YP_001373621|bacitracin|BcrA|unknown	38.8	224	134	1	37	708	14	234	2.6e-40	162.2
Unknown6_00728	gi:507035724:ref:WP_016107411.1:|peptide|bcrA|unknown	37.9	224	136	1	37	708	5	225	4.4e-40	161.4
Unknown6_00728	gi:488042066:ref:WP_002113463.1:|peptide|bcrA|unknown	38.4	224	135	1	37	708	5	225	4.4e-40	161.4
Unknown6_00728	gi:445996698:ref:WP_000074553.1:|peptide|bcrA|unknown	37.9	224	136	1	37	708	5	225	4.4e-40	161.4
Unknown6_00728	gi:507055561:ref:WP_016126482.1:|peptide|bcrA|unknown	37.9	224	136	1	37	708	5	225	5.8e-40	161.0
Unknown6_00728	gi:445996708:ref:WP_000074563.1:|peptide|bcrA|unknown	37.9	224	136	1	37	708	5	225	5.8e-40	161.0
Unknown6_00728	gi:445996695:ref:WP_000074550.1:|peptide|bcrA|unknown	37.9	224	136	1	37	708	5	225	5.8e-40	161.0
Unknown6_00728	gi:445996696:ref:WP_000074551.1:|peptide|bcrA|unknown	37.9	224	136	1	37	708	5	225	5.8e-40	161.0
Unknown6_00728	gi:445996723:ref:WP_000074578.1:|peptide|bcrA|unknown	38.8	224	134	1	37	708	5	225	5.8e-40	161.0
Unknown6_00728	gi:445996697:ref:WP_000074552.1:|peptide|bcrA|unknown	37.9	224	136	1	37	708	5	225	5.8e-40	161.0
Unknown6_00728	gi:488053456:ref:WP_002124853.1:|peptide|bcrA|unknown	37.9	224	136	1	37	708	5	225	7.5e-40	160.6
Unknown6_00728	gi:447057510:ref:WP_001134766.1:|peptide|bcrA|unknown	37.9	224	136	1	37	708	5	225	7.5e-40	160.6
Unknown6_00728	gi:445996722:ref:WP_000074577.1:|peptide|bcrA|unknown	38.8	224	134	1	37	708	5	225	7.5e-40	160.6
Unknown6_00728	gi:507023808:ref:WP_016095885.1:|peptide|bcrA|unknown	37.9	224	136	1	37	708	5	225	7.5e-40	160.6
Unknown6_00728	gi:445996719:ref:WP_000074574.1:|peptide|bcrA|unknown	38.8	224	134	1	37	708	5	225	7.5e-40	160.6
Unknown6_00728	gi:507050365:ref:WP_016121371.1:|peptide|bcrA|unknown	37.9	224	136	1	37	708	5	225	9.9e-40	160.2
Unknown6_00728	gi:445996714:ref:WP_000074569.1:|peptide|bcrA|unknown	37.9	224	136	1	37	708	5	225	9.9e-40	160.2
Unknown7_00554	gi:640529542:ref:WP_024963478.1:|tetracycline|tet(W/N/W)|unknown	37.1	151	87	4	34	477	4	149	1.1e-18	90.9
Unknown7_00554	gi:1028100286:ref:WP_063856421.1:|tetracycline|tetW|unknown	35.8	151	89	4	34	477	4	149	3.1e-18	89.4
Unknown7_00554	gi:1028100284:ref:WP_063856419.1:|tetracycline|tet32|unknown	35.8	151	89	4	34	477	4	149	5.2e-18	88.6
Unknown7_00554	gi:933770025:ref:WP_054336482.1:|tetracycline|tetW|unknown	35.8	151	89	4	34	477	4	149	5.2e-18	88.6
Unknown7_00554	gi:1028100285:ref:WP_063856420.1:|tetracycline|tet32|unknown	35.8	151	89	4	34	477	4	149	5.2e-18	88.6
Unknown7_00554	AY485126.gene.p01|tetracycline|tetW|unknown	35.8	151	89	4	34	477	4	149	5.2e-18	88.6
Unknown7_00554	gi:499845527:ref:WP_011526261.1:|tetracycline|tet(W/N/W)|unknown	36.4	151	88	4	34	477	4	149	6.8e-18	88.2
Unknown7_00554	YP_002738300|tetracycline|tetM|unknown	33.8	151	92	4	34	477	4	149	8.9e-18	87.8
Unknown7_00554	CAA37477.1|tetracycline|otrA|unknown	37.1	151	87	4	34	477	4	149	8.9e-18	87.8
Unknown7_00554	gi:1028100163:ref:WP_063856393.1:|tetracycline|tetM|unknown	33.8	151	92	4	34	477	4	149	8.9e-18	87.8
Unknown7_00554	gi:504199711:ref:WP_014386813.1:|tetracycline|tetM|unknown	33.8	151	92	4	34	477	4	149	8.9e-18	87.8
Unknown7_00554	gi:490770108:ref:WP_004632336.1:|tetracycline|tetM|unknown	33.8	151	92	4	34	477	4	149	8.9e-18	87.8
Unknown7_00554	gi:1028099865:ref:WP_063856114.1:|tetracycline|tetM|unknown	33.8	151	92	4	34	477	4	149	8.9e-18	87.8
Unknown7_00554	gi:488345309:ref:WP_002414694.1:|tetracycline|tetM|unknown	33.8	151	92	4	34	477	4	149	8.9e-18	87.8
Unknown7_00554	gi:1028100199:ref:WP_063856401.1:|tetracycline|tetM|unknown	33.1	151	93	4	34	477	4	149	1.5e-17	87.0
Unknown7_00554	gi:1028100223:ref:WP_063856403.1:|tetracycline|tetM|unknown	33.1	151	93	4	34	477	4	149	2.0e-17	86.7
Unknown7_00554	gi:319894056:gb:ADV76307.1:|tetracycline|tetM|unknown	33.8	151	92	4	34	477	4	149	2.0e-17	86.7
Unknown7_00554	CAC41371.2|tetracycline|tet32|unknown	34.4	151	91	4	34	477	4	149	2.6e-17	86.3
Unknown7_00554	YP_001834888|tetracycline|tetM|unknown	33.1	151	93	4	34	477	9	154	3.4e-17	85.9
Unknown7_00554	YP_001694718|tetracycline|tetM|unknown	33.1	151	93	4	34	477	4	149	3.4e-17	85.9
Unknown7_00554	ZP_03079543|tetracycline|tetM|unknown	33.1	151	93	4	34	477	4	149	3.4e-17	85.9
Unknown7_00554	ZP_04435342|tetracycline|tetM|unknown	33.1	151	93	4	34	477	9	154	3.4e-17	85.9
Unknown7_00554	ABP89888|tetracycline|tetM|unknown	33.1	151	93	4	34	477	9	154	3.4e-17	85.9
Unknown7_00554	ZP_03915077|tetracycline|tetM|unknown	33.1	151	93	4	34	477	9	154	3.4e-17	85.9
Unknown7_00554	ZP_03984378|tetracycline|tetM|unknown	33.1	151	93	4	34	477	9	154	3.4e-17	85.9
Unknown9_00357	gi:696411918:ref:WP_032982657.1:|macrolide|macB|unknown	44.8	221	122	0	1	663	4	224	3.0e-53	204.9
Unknown9_00357	gi:504542119:ref:WP_014729221.1:|macrolide|macB|unknown	44.8	221	122	0	1	663	4	224	6.6e-53	203.8
Unknown9_00357	gi:696402390:ref:WP_032974230.1:|macrolide|macB|unknown	44.3	221	123	0	1	663	4	224	1.1e-52	203.0
Unknown9_00357	gi:696423952:ref:WP_032993748.1:|macrolide|macB|unknown	44.3	221	123	0	1	663	4	224	1.1e-52	203.0
Unknown9_00357	YP_001438541|macrolide-lincosamide-streptogramin|MacB|unknown	44.3	221	123	0	1	663	4	224	2.5e-52	201.8
Unknown9_00357	gi:938460528:ref:WP_054624864.1:|macrolide|macB|unknown	44.3	221	123	0	1	663	4	224	2.5e-52	201.8
Unknown9_00357	gi:1020141879:ref:WP_063264839.1:|macrolide|macB|unknown	44.3	221	123	0	1	663	4	224	2.5e-52	201.8
Unknown9_00357	gi:938461734:ref:WP_054625806.1:|macrolide|macB|unknown	44.3	221	123	0	1	663	4	224	2.5e-52	201.8
Unknown9_00357	gi:490522515:ref:WP_004387938.1:|macrolide|macB|unknown	44.3	221	123	0	1	663	4	224	2.5e-52	201.8
Unknown9_00357	gi:506220920:ref:WP_015740695.1:|macrolide|macB|unknown	44.3	221	123	0	1	663	4	224	3.3e-52	201.4
Unknown9_00357	gi:742378414:ref:WP_038857601.1:|macrolide|macB|unknown	44.3	221	123	0	1	663	4	224	4.3e-52	201.1
Unknown9_00357	gi:426326769:emb:CCK10228.1:|macrolide|macB|unknown	44.3	221	123	0	1	663	4	224	5.6e-52	200.7
Unknown9_00357	gi:655997348:ref:WP_029038923.1:|macrolide|macB|unknown	44.3	221	123	0	1	663	4	224	5.6e-52	200.7
Unknown9_00357	gi:754927849:ref:WP_042284850.1:|macrolide|macB|unknown	43.6	218	123	0	1	654	4	221	7.3e-52	200.3
Unknown9_00357	gi:565651791:ref:WP_023899061.1:|macrolide|macB|unknown	43.9	221	124	0	1	663	4	224	9.5e-52	199.9
Unknown9_00357	gi:696420214:ref:WP_032990021.1:|macrolide|macB|unknown	43.9	221	124	0	1	663	4	224	1.6e-51	199.1
Unknown9_00357	gi:494938585:ref:WP_007664615.1:|macrolide|macB|unknown	42.1	233	135	0	1	699	4	236	1.6e-51	199.1
Unknown9_00357	gi:740856590:ref:WP_038641842.1:|macrolide|macB|unknown	43.1	218	124	0	1	654	4	221	2.1e-51	198.7
Unknown9_00357	F9Q5J6|macrolide|macB	41.4	239	129	1	1	684	3	241	2.8e-51	198.4
Unknown9_00357	gi:968563772:ref:WP_058587854.1:|macrolide|macB|unknown	43.1	218	124	0	1	654	4	221	2.8e-51	198.4
Unknown9_00357	gi:763407609:ref:WP_044264203.1:|macrolide|macB|unknown	43.1	218	124	0	1	654	4	221	2.8e-51	198.4
Unknown9_00357	gi:757782629:ref:WP_043001213.1:|macrolide|macB|unknown	43.1	218	124	0	1	654	4	221	2.8e-51	198.4
Unknown9_00357	gi:992390012:ref:WP_061077002.1:|macrolide|macB|unknown	43.1	218	124	0	1	654	4	221	2.8e-51	198.4
Unknown9_00357	YP_001453760|macrolide-lincosamide-streptogramin|MacB|unknown	43.1	218	124	0	1	654	4	221	3.6e-51	198.0
Unknown9_00357	gi:835330218:ref:WP_047457825.1:|macrolide|macB|unknown	43.1	218	124	0	1	654	4	221	3.6e-51	198.0
